Handle,Title,Body (HTML),Vendor,Product Category,Type,Tags,Published,Option1 Name,Option1 Value,Option1 Linked To,Option2 Name,Option2 Value,Option2 Linked To,Option3 Name,Option3 Value,Option3 Linked To,Variant SKU,Variant Grams,Variant Inventory Tracker,Variant Inventory Qty,Variant Inventory Policy,Variant Fulfillment Service,Variant Price,Variant Compare At Price,Variant Requires Shipping,Variant Taxable,Unit Price Total Measure,Unit Price Total Measure Unit,Unit Price Base Measure,Unit Price Base Measure Unit,Variant Barcodes,Image Src,Image Position,Image Alt Text,Gift Card,SEO Title,SEO Description,Google Shopping / Google Product Category,Google Shopping / Gender,Google Shopping / Age Group,Google Shopping / MPN,Google Shopping / Condition,Google Shopping / Custom Product,Google Shopping / Custom Label 0,Google Shopping / Custom Label 1,Google Shopping / Custom Label 2,Google Shopping / Custom Label 3,Google Shopping / Custom Label 4,Rubik Configuration (product.metafields.craftshift.rubik_configuration),Collapsible text (product.metafields.custom.collapsible_text),Complementary products heading (product.metafields.custom.complementary_products_heading),Concise description (product.metafields.custom.concise_description),Custom Button product page (product.metafields.custom.custom_button_product_page),Features (product.metafields.custom.features),Media grid product page (product.metafields.custom.media_grid_product_page),Media with text product page (product.metafields.custom.media_with_text_product_page),Multiple images with text product page (product.metafields.custom.multiple_images_with_text_product_page),Press product page (product.metafields.custom.press_product_page),Scrolling text product page (product.metafields.custom.scrolling_text_product_page),Slideshow product page (product.metafields.custom.slideshow_product_page),Text with icon (product.metafields.custom.text_with_icon),Variation products (product.metafields.custom.variation_products),Variation value (product.metafields.custom.variation_value),Video product page (product.metafields.custom.video_product_page),Google: Custom Product (product.metafields.mm-google-shopping.custom_product),Product rating count (product.metafields.reviews.rating_count),Color (product.metafields.shopify.color-pattern),Complementary products (product.metafields.shopify--discovery--product_recommendation.complementary_products),Related products (product.metafields.shopify--discovery--product_recommendation.related_products),Related products settings (product.metafields.shopify--discovery--product_recommendation.related_products_display),Search product boosts (product.metafields.shopify--discovery--product_search_boost.queries),Variant Image,Variant Weight Unit,Variant Tax Code,Cost per item,Status
fixture-product-aea883,Fixture product 08499e,,ACME FIXTURE,Apparel & Accessories > Clothing,Fixture type b8f0,"Fixture type b8f0, tag-b9bc, tag-8210, tag-99f4, tag-c7ff, tag-b55f, tag-e23b, tag-bef2, tag-e55a, tag-d696",true,Size,S,,,,,,,,,2000.0,shopify,7,deny,manual,119.00,124.00,true,true,,,,,,https://example.test/fixture/0f13ec631f.jpg,1,,false,Fixture SEO title cf00e5,Fixture SEO description 7dab8f,Apparel & Accessories > Clothing,Unisex,Adult,,New,,,,,,,,,Fixture value 396b38,,,,,,,,,,fixture-value-fc5456; fixture-value-8a446f,,,,,,,fixture-product-ef36a3; fixture-product-2d888c; fixture-product-7aba54; fixture-product-9414c3,fixture-product-7aba54,Fixture value e75750,,,g,,,active
fixture-product-aea883,,,,,,,,,M,,,,,,,,,2000.0,shopify,7,deny,manual,119.00,124.00,true,true,,,,,,https://example.test/fixture/e32a2b480b.jpg,2,,,,,,,,,,,,,,,,,,,,,,,,,,,,,,,,,,,,,,,,kg,,,
fixture-product-aea883,,,,,,,,,L,,,,,,,,,2000.0,shopify,7,deny,manual,119.00,124.00,true,true,,,,,,https://example.test/fixture/bba4aba7f7.jpg,3,,,,,,,,,,,,,,,,,,,,,,,,,,,,,,,,,,,,,,,,kg,,,
fixture-product-aea883,,,,,,,,,XL,,,,,,,,,2000.0,shopify,7,deny,manual,119.00,124.00,true,true,,,,,,https://example.test/fixture/927e9182b0.jpg,4,,,,,,,,,,,,,,,,,,,,,,,,,,,,,,,,,,,,,,,,kg,,,
fixture-product-aea883,,,,,,,,,XXL,,,,,,,,,2000.0,shopify,7,deny,manual,119.00,124.00,true,true,,,,,,,,,,,,,,,,,,,,,,,,,,,,,,,,,,,,,,,,,,,,,,,kg,,,
fixture-product-aea883,,,,,,,,,3XL,,,,,,,,,2000.0,shopify,7,deny,manual,119.00,124.00,true,true,,,,,,,,,,,,,,,,,,,,,,,,,,,,,,,,,,,,,,,,,,,,,,,kg,,,
fixture-product-deaca3,Fixture product f2004d,<p>Fixture description 5155f8e4</p>,ACME FIXTURE,Apparel & Accessories > Clothing,Fixture type b8f0,"Fixture type b8f0, tag-b9bc, tag-8210, tag-99f4, tag-c7ff, tag-b55f, tag-e23b, tag-bef2, tag-e55a, tag-d696",true,Size,S,,,,,,,,,2000.0,shopify,9,deny,manual,72.00,124.00,true,true,,,,,,https://example.test/fixture/31c6ee6489.jpg,1,,false,Fixture SEO title cf00e5,Fixture SEO description 7dab8f,Apparel & Accessories > Clothing,Unisex,Adult,,New,,,,,,,,,Fixture value 396b38,Fixture value c636cf,,,fixture-value-91d04a; fixture-value-a8a036; fixture-value-cb998c; fixture-value-eb3ef7,fixture-value-994045; fixture-value-f4d62c; fixture-value-3289e7; fixture-value-5776f8; fixture-value-2fda2d,,,,,fixture-value-5dfade; fixture-value-fc5456; fixture-value-8a446f,fixture-product-086861; fixture-product-20f7cd; fixture-product-deaca3,Fixture value 741a0f,,,,,fixture-product-ef36a3; fixture-product-2d888c; fixture-product-7aba54; fixture-product-9414c3,fixture-product-7aba54,Fixture value e75750,,,g,,,active
fixture-product-deaca3,,,,,,,,,M,,,,,,,,,2000.0,shopify,9,deny,manual,72.00,124.00,true,true,,,,,,https://example.test/fixture/851dde75ba.jpg,2,,,,,,,,,,,,,,,,,,,,,,,,,,,,,,,,,,,,,,,,kg,,,
fixture-product-deaca3,,,,,,,,,L,,,,,,,,,2000.0,shopify,9,deny,manual,72.00,124.00,true,true,,,,,,https://example.test/fixture/6c0a703c59.jpg,3,,,,,,,,,,,,,,,,,,,,,,,,,,,,,,,,,,,,,,,,kg,,,
fixture-product-deaca3,,,,,,,,,XL,,,,,,,,,2000.0,shopify,9,deny,manual,72.00,124.00,true,true,,,,,,https://example.test/fixture/c05468af65.jpg,4,,,,,,,,,,,,,,,,,,,,,,,,,,,,,,,,,,,,,,,,kg,,,
fixture-product-deaca3,,,,,,,,,XXL,,,,,,,,,2000.0,shopify,9,deny,manual,72.00,124.00,true,true,,,,,,https://example.test/fixture/78e34d2f57.jpg,5,,,,,,,,,,,,,,,,,,,,,,,,,,,,,,,,,,,,,,,,kg,,,
fixture-product-deaca3,,,,,,,,,3XL,,,,,,,,,2000.0,shopify,9,deny,manual,72.00,124.00,true,true,,,,,,https://example.test/fixture/ce87a86c76.jpg,6,,,,,,,,,,,,,,,,,,,,,,,,,,,,,,,,,,,,,,,,kg,,,
fixture-product-973596,Fixture product 4b5f90,,ACME FIXTURE,Apparel & Accessories,Fixture type b8f0,"tag-443a, tag-62ef, tag-27a8, tag-b9bc, tag-d5fd, tag-8b91, tag-bef2, tag-215e, tag-b534",true,Size,XS,,,,,,,,,3000.0,shopify,9,deny,manual,61.00,94.00,true,true,,,,,,https://example.test/fixture/6050c83ece.jpg,1,,false,,,166,male,adult,,new,,,,,,,,Fixture value 4879fe,,,,fixture-product-973596,,,,fixture-value-227e36; fixture-value-75bc00; fixture-value-15bd49,Fixture value b9307c,,,,Fixture value cce199,,,,,,,,,,kg,,,active
fixture-product-973596,,,,,,,,,S,,,,,,,,,3000.0,shopify,9,deny,manual,61.00,94.00,true,true,,,,,,https://example.test/fixture/e6d79b85fd.jpg,2,,,,,,,,,,,,,,,,,,,,,,,,,,,,,,,,,,,,,,,,kg,,,
fixture-product-973596,,,,,,,,,M,,,,,,,,,3000.0,shopify,17,deny,manual,61.00,94.00,true,true,,,,,,,,,,,,,,,,,,,,,,,,,,,,,,,,,,,,,,,,,,,,,,,kg,,,
fixture-product-973596,,,,,,,,,L,,,,,,,,,3000.0,shopify,3,deny,manual,61.00,94.00,true,true,,,,,,,,,,,,,,,,,,,,,,,,,,,,,,,,,,,,,,,,,,,,,,,kg,,,
fixture-product-973596,,,,,,,,,XL,,,,,,,,,3000.0,shopify,9,deny,manual,61.00,94.00,true,true,,,,,,,,,,,,,,,,,,,,,,,,,,,,,,,,,,,,,,,,,,,,,,,kg,,,
fixture-product-973596,,,,,,,,,XXL,,,,,,,,,3000.0,shopify,3,deny,manual,61.00,94.00,true,true,,,,,,,,,,,,,,,,,,,,,,,,,,,,,,,,,,,,,,,,,,,,,,,kg,,,
fixture-product-973596,,,,,,,,,3XL,,,,,,,,,3000.0,shopify,9,deny,manual,61.00,94.00,true,true,,,,,,,,,,,,,,,,,,,,,,,,,,,,,,,,,,,,,,,,,,,,,,,kg,,,
fixture-product-973596,,,,,,,,,4XL,,,,,,,,,3000.0,shopify,9,deny,manual,61.00,94.00,true,true,,,,,,,,,,,,,,,,,,,,,,,,,,,,,,,,,,,,,,,,,,,,,,,kg,,,
fixture-product-973596,,,,,,,,,5XL,,,,,,,,,3000.0,shopify,9,deny,manual,61.00,94.00,true,true,,,,,,,,,,,,,,,,,,,,,,,,,,,,,,,,,,,,,,,,,,,,,,,kg,,,
fixture-product-037e88,Fixture product 2515bb,,ACME FIXTURE,Vehicles & Parts > Vehicle Parts & Accessories > Vehicle Safety & Security > Motorcycle Protective Gear > Motorcycle Gloves,Fixture type 3560,"tag-b013, Fixture type 3560, tag-b9bc, tag-8210, tag-4d57, tag-f2ee, tag-4294, tag-d30b, tag-bef2, tag-e55a, tag-f7ab",true,Size,S,,,,,,,,,500.0,shopify,18,deny,manual,96.00,92.00,true,true,,,,,,https://example.test/fixture/5c9d35ceda.jpg,1,,false,,,,unisex,adult,,new,,,,,,,,Fixture value 4879fe,,,,,,,,fixture-value-227e36; fixture-value-75bc00; fixture-value-15bd49,Fixture value b9307c,,fixture-value-fc5456,,Fixture value cce199,,,,,,,,,,kg,,61.00,active
fixture-product-037e88,,,,,,,,,M,,,,,,,,,500.0,shopify,18,deny,manual,96.00,92.00,true,true,,,,,,https://example.test/fixture/685783f55c.jpg,2,,,,,,,,,,,,,,,,,,,,,,,,,,,,,,,,,,,,,,,,kg,,61.00,
fixture-product-037e88,,,,,,,,,L,,,,,,,,,500.0,shopify,18,deny,manual,96.00,92.00,true,true,,,,,,https://example.test/fixture/1f23dc4ab3.jpg,3,,,,,,,,,,,,,,,,,,,,,,,,,,,,,,,,,,,,,,,,kg,,61.00,
fixture-product-037e88,,,,,,,,,XL,,,,,,,,,500.0,shopify,18,deny,manual,96.00,92.00,true,true,,,,,,https://example.test/fixture/c4c0f3a441.jpg,4,,,,,,,,,,,,,,,,,,,,,,,,,,,,,,,,,,,,,,,,kg,,61.00,
fixture-product-037e88,,,,,,,,,XXL,,,,,,,,,500.0,shopify,18,deny,manual,96.00,92.00,true,true,,,,,,https://example.test/fixture/f692d2949a.jpg,5,,,,,,,,,,,,,,,,,,,,,,,,,,,,,,,,,,,,,,,,kg,,61.00,
fixture-product-037e88,,,,,,,,,,,,,,,,,,,,,,,,,,,,,,,,https://example.test/fixture/575957bb09.jpg,6,,,,,,,,,,,,,,,,,,,,,,,,,,,,,,,,,,,,,,,,,,,
fixture-product-8fb3f3,Fixture product aa7ed2,,ACME FIXTURE,Apparel & Accessories > Clothing,Fixture type cdb8,"Fixture type b8f0, tag-b9bc, tag-8210, tag-8c53, tag-b55f, tag-e23b, tag-bef2, tag-e55a, tag-0855",true,Size,XS,,,,,,,,,2000.0,shopify,18,continue,manual,124.00,,true,true,,,,,,https://example.test/fixture/385e08968e.jpg,1,,false,Fixture SEO title b8957e,Fixture SEO description 4a3563,Apparel & Accessories > Clothing,Unisex,Adult,,New,,,,,,,Fixture value 1d4d28,Fixture value 4879fe,,,,,,,,fixture-value-75bc00; fixture-value-15bd49; fixture-value-227e36,Fixture value fe3185,,,,Fixture value cce199,,,,,,,,,,g,,,active
fixture-product-8fb3f3,,,,,,,,,S,,,,,,,,,2000.0,shopify,18,continue,manual,124.00,,true,true,,,,,,https://example.test/fixture/6585ea9a6f.jpg,2,,,,,,,,,,,,,,,,,,,,,,,,,,,,,,,,,,,,,,,,g,,,
fixture-product-8fb3f3,,,,,,,,,M,,,,,,,,,2000.0,shopify,18,continue,manual,124.00,,true,true,,,,,,,,,,,,,,,,,,,,,,,,,,,,,,,,,,,,,,,,,,,,,,,kg,,,
fixture-product-8fb3f3,,,,,,,,,L,,,,,,,,,2000.0,shopify,18,continue,manual,124.00,,true,true,,,,,,,,,,,,,,,,,,,,,,,,,,,,,,,,,,,,,,,,,,,,,,,kg,,,
fixture-product-8fb3f3,,,,,,,,,XL,,,,,,,,,2000.0,shopify,18,continue,manual,124.00,,true,true,,,,,,,,,,,,,,,,,,,,,,,,,,,,,,,,,,,,,,,,,,,,,,,kg,,,
fixture-product-8fb3f3,,,,,,,,,XXL,,,,,,,,,2000.0,shopify,18,continue,manual,124.00,,true,true,,,,,,,,,,,,,,,,,,,,,,,,,,,,,,,,,,,,,,,,,,,,,,,kg,,,
fixture-product-8fb3f3,,,,,,,,,3XL,,,,,,,,,2000.0,shopify,18,continue,manual,124.00,,true,true,,,,,,,,,,,,,,,,,,,,,,,,,,,,,,,,,,,,,,,,,,,,,,,kg,,,
fixture-product-8fb3f3,,,,,,,,,4XL,,,,,,,,,2000.0,shopify,18,continue,manual,124.00,,true,true,,,,,,,,,,,,,,,,,,,,,,,,,,,,,,,,,,,,,,,,,,,,,,,kg,,,
fixture-product-8fb3f3,,,,,,,,,5XL,,,,,,,,,2000.0,shopify,18,continue,manual,124.00,,true,true,,,,,,,,,,,,,,,,,,,,,,,,,,,,,,,,,,,,,,,,,,,,,,,g,,,
fixture-product-6853e4,Fixture product 3067a0,,ACME FIXTURE,Apparel & Accessories,Fixture type b8f0,"tag-443a, tag-62ef, tag-27a8, tag-b9bc, tag-8210, tag-99f4",true,Size,XS,,,,,,,,,3000.0,shopify,18,deny,manual,72.00,,true,true,,,,,,https://example.test/fixture/0ad81843b7.jpg,1,,false,,,166,male,adult,,new,,,,,,,,Fixture value 4879fe,,,,,,fixture-value-a3faa2; fixture-value-f9f666,,fixture-value-227e36; fixture-value-75bc00; fixture-value-15bd49,Fixture value b9307c,,,,Fixture value cce199,,,,,,,,,,kg,,,active
fixture-product-6853e4,,,,,,,,,S,,,,,,,,,3000.0,shopify,18,deny,manual,72.00,,true,true,,,,,,https://example.test/fixture/eedc85d317.jpg,2,,,,,,,,,,,,,,,,,,,,,,,,,,,,,,,,,,,,,,,,kg,,,
fixture-product-6853e4,,,,,,,,,M,,,,,,,,,3000.0,shopify,18,deny,manual,72.00,,true,true,,,,,,https://example.test/fixture/966ed0241d.jpg,3,,,,,,,,,,,,,,,,,,,,,,,,,,,,,,,,,,,,,,,,kg,,,
fixture-product-6853e4,,,,,,,,,L,,,,,,,,,3000.0,shopify,18,deny,manual,72.00,,true,true,,,,,,,,,,,,,,,,,,,,,,,,,,,,,,,,,,,,,,,,,,,,,,,kg,,,
fixture-product-6853e4,,,,,,,,,XL,,,,,,,,,3000.0,shopify,18,deny,manual,72.00,,true,true,,,,,,,,,,,,,,,,,,,,,,,,,,,,,,,,,,,,,,,,,,,,,,,kg,,,
fixture-product-6853e4,,,,,,,,,XXL,,,,,,,,,3000.0,shopify,18,deny,manual,72.00,,true,true,,,,,,,,,,,,,,,,,,,,,,,,,,,,,,,,,,,,,,,,,,,,,,,kg,,,
fixture-product-6853e4,,,,,,,,,3XL,,,,,,,,,3000.0,shopify,18,deny,manual,72.00,,true,true,,,,,,,,,,,,,,,,,,,,,,,,,,,,,,,,,,,,,,,,,,,,,,,kg,,,
fixture-product-6853e4,,,,,,,,,4XL,,,,,,,,,3000.0,shopify,18,deny,manual,72.00,,true,true,,,,,,,,,,,,,,,,,,,,,,,,,,,,,,,,,,,,,,,,,,,,,,,kg,,,
fixture-product-6853e4,,,,,,,,,5XL,,,,,,,,,3000.0,shopify,18,deny,manual,72.00,,true,true,,,,,,,,,,,,,,,,,,,,,,,,,,,,,,,,,,,,,,,,,,,,,,,kg,,,
fixture-product-5d6b99,Fixture product 06fbbb,,ACME FIXTURE,Apparel & Accessories,Fixture type b8f0,"tag-443a, tag-62ef, tag-27a8, tag-b9bc, tag-8210, tag-99f4",true,Size,XS,,,,,,,,,3000.0,shopify,18,deny,manual,145.00,,true,true,,,,,,https://example.test/fixture/5823176a33.jpg,1,,false,,,166,male,adult,,new,,,,,,,,Fixture value 4879fe,,,,,,fixture-value-a3faa2; fixture-value-f9f666,,fixture-value-227e36; fixture-value-75bc00; fixture-value-15bd49,Fixture value b9307c,,,,Fixture value cce199,,,,,,,,,,kg,,,active
fixture-product-5d6b99,,,,,,,,,S,,,,,,,,,3000.0,shopify,18,deny,manual,145.00,,true,true,,,,,,https://example.test/fixture/b150732709.jpg,2,,,,,,,,,,,,,,,,,,,,,,,,,,,,,,,,,,,,,,,,kg,,,
fixture-product-5d6b99,,,,,,,,,M,,,,,,,,,3000.0,shopify,18,deny,manual,145.00,,true,true,,,,,,https://example.test/fixture/169ca232d0.jpg,3,,,,,,,,,,,,,,,,,,,,,,,,,,,,,,,,,,,,,,,,kg,,,
fixture-product-5d6b99,,,,,,,,,L,,,,,,,,,3000.0,shopify,18,deny,manual,145.00,,true,true,,,,,,,,,,,,,,,,,,,,,,,,,,,,,,,,,,,,,,,,,,,,,,,kg,,,
fixture-product-5d6b99,,,,,,,,,XL,,,,,,,,,3000.0,shopify,18,deny,manual,145.00,,true,true,,,,,,,,,,,,,,,,,,,,,,,,,,,,,,,,,,,,,,,,,,,,,,,kg,,,
fixture-product-5d6b99,,,,,,,,,XXL,,,,,,,,,3000.0,shopify,18,deny,manual,145.00,,true,true,,,,,,,,,,,,,,,,,,,,,,,,,,,,,,,,,,,,,,,,,,,,,,,kg,,,
fixture-product-5d6b99,,,,,,,,,3XL,,,,,,,,,3000.0,shopify,18,deny,manual,145.00,,true,true,,,,,,,,,,,,,,,,,,,,,,,,,,,,,,,,,,,,,,,,,,,,,,,kg,,,
fixture-product-5d6b99,,,,,,,,,4XL,,,,,,,,,3000.0,shopify,18,deny,manual,145.00,,true,true,,,,,,,,,,,,,,,,,,,,,,,,,,,,,,,,,,,,,,,,,,,,,,,kg,,,
fixture-product-5d6b99,,,,,,,,,5XL,,,,,,,,,3000.0,shopify,18,deny,manual,145.00,,true,true,,,,,,,,,,,,,,,,,,,,,,,,,,,,,,,,,,,,,,,,,,,,,,,kg,,,
fixture-product-286022,Fixture product 4145b7,,ACME FIXTURE,Apparel & Accessories,Fixture type b8f0,"tag-443a, tag-62ef, tag-27a8, tag-bef2, tag-e55a, tag-d696",true,Size,XS,,,,,,,,,3000.0,shopify,18,deny,manual,124.00,,true,true,,,,,,https://example.test/fixture/597f8886f9.jpg,1,,false,,,166,male,adult,,new,,,,,,,,Fixture value 4879fe,,,,,,fixture-value-a3faa2; fixture-value-f9f666,,fixture-value-227e36; fixture-value-75bc00; fixture-value-15bd49,Fixture value b9307c,,,,Fixture value cce199,,,,,,,,,,kg,,,active
fixture-product-286022,,,,,,,,,S,,,,,,,,,3000.0,shopify,18,deny,manual,124.00,,true,true,,,,,,https://example.test/fixture/f4767b7fe4.jpg,2,,,,,,,,,,,,,,,,,,,,,,,,,,,,,,,,,,,,,,,,kg,,,
fixture-product-286022,,,,,,,,,M,,,,,,,,,3000.0,shopify,18,deny,manual,124.00,,true,true,,,,,,,,,,,,,,,,,,,,,,,,,,,,,,,,,,,,,,,,,,,,,,,kg,,,
fixture-product-286022,,,,,,,,,L,,,,,,,,,3000.0,shopify,18,deny,manual,124.00,,true,true,,,,,,,,,,,,,,,,,,,,,,,,,,,,,,,,,,,,,,,,,,,,,,,kg,,,
fixture-product-286022,,,,,,,,,XL,,,,,,,,,3000.0,shopify,18,deny,manual,124.00,,true,true,,,,,,,,,,,,,,,,,,,,,,,,,,,,,,,,,,,,,,,,,,,,,,,kg,,,
fixture-product-286022,,,,,,,,,XXL,,,,,,,,,3000.0,shopify,18,deny,manual,124.00,,true,true,,,,,,,,,,,,,,,,,,,,,,,,,,,,,,,,,,,,,,,,,,,,,,,kg,,,
fixture-product-286022,,,,,,,,,3XL,,,,,,,,,3000.0,shopify,18,deny,manual,124.00,,true,true,,,,,,,,,,,,,,,,,,,,,,,,,,,,,,,,,,,,,,,,,,,,,,,kg,,,
fixture-product-286022,,,,,,,,,4XL,,,,,,,,,3000.0,shopify,18,deny,manual,124.00,,true,true,,,,,,,,,,,,,,,,,,,,,,,,,,,,,,,,,,,,,,,,,,,,,,,kg,,,
fixture-product-286022,,,,,,,,,5XL,,,,,,,,,3000.0,shopify,18,deny,manual,124.00,,true,true,,,,,,,,,,,,,,,,,,,,,,,,,,,,,,,,,,,,,,,,,,,,,,,kg,,,
fixture-product-85210d,Fixture product 4145b7,,ACME FIXTURE,Apparel & Accessories,Fixture type b8f0,"tag-443a, tag-62ef, tag-27a8, tag-b9bc, tag-8210, tag-99f4",true,Size,XS,,,,,,,,,3000.0,shopify,18,deny,manual,124.00,,true,true,,,,,,https://example.test/fixture/2eb12cfbe5.jpg,1,,false,,,166,male,adult,,new,,,,,,,,Fixture value 4879fe,,,,,,fixture-value-a3faa2; fixture-value-f9f666,,fixture-value-227e36; fixture-value-75bc00; fixture-value-15bd49,Fixture value b9307c,,,,Fixture value cce199,,,,,,,,,,kg,,,active
fixture-product-85210d,,,,,,,,,S,,,,,,,,,3000.0,shopify,18,deny,manual,124.00,,true,true,,,,,,https://example.test/fixture/31a042ff61.jpg,2,,,,,,,,,,,,,,,,,,,,,,,,,,,,,,,,,,,,,,,,kg,,,
fixture-product-85210d,,,,,,,,,M,,,,,,,,,3000.0,shopify,18,deny,manual,124.00,,true,true,,,,,,https://example.test/fixture/037bddb4de.jpg,3,,,,,,,,,,,,,,,,,,,,,,,,,,,,,,,,,,,,,,,,kg,,,
fixture-product-85210d,,,,,,,,,L,,,,,,,,,3000.0,shopify,18,deny,manual,124.00,,true,true,,,,,,https://example.test/fixture/d4f5adab90.jpg,4,,,,,,,,,,,,,,,,,,,,,,,,,,,,,,,,,,,,,,,,kg,,,
fixture-product-85210d,,,,,,,,,XL,,,,,,,,,3000.0,shopify,18,deny,manual,124.00,,true,true,,,,,,,,,,,,,,,,,,,,,,,,,,,,,,,,,,,,,,,,,,,,,,,kg,,,
fixture-product-85210d,,,,,,,,,XXL,,,,,,,,,3000.0,shopify,18,deny,manual,124.00,,true,true,,,,,,,,,,,,,,,,,,,,,,,,,,,,,,,,,,,,,,,,,,,,,,,kg,,,
fixture-product-85210d,,,,,,,,,3XL,,,,,,,,,3000.0,shopify,18,deny,manual,124.00,,true,true,,,,,,,,,,,,,,,,,,,,,,,,,,,,,,,,,,,,,,,,,,,,,,,kg,,,
fixture-product-85210d,,,,,,,,,4XL,,,,,,,,,3000.0,shopify,18,deny,manual,124.00,,true,true,,,,,,,,,,,,,,,,,,,,,,,,,,,,,,,,,,,,,,,,,,,,,,,kg,,,
fixture-product-85210d,,,,,,,,,5XL,,,,,,,,,3000.0,shopify,18,deny,manual,124.00,,true,true,,,,,,,,,,,,,,,,,,,,,,,,,,,,,,,,,,,,,,,,,,,,,,,kg,,,
fixture-product-a9bd47,Fixture product 5620c3,<p>Fixture description 3535181d</p>,ACME FIXTURE,Apparel & Accessories,Fixture type b8f0,"tag-62ef, tag-27a8, tag-b9bc, tag-8210, tag-99f4",true,Size,XS,,,,,,,,,3000.0,shopify,18,deny,manual,124.00,,true,true,,,,,,https://example.test/fixture/16ae783f27.jpg,1,,false,,,166,male,adult,,new,,,,,,,,Fixture value 4879fe,,,,,,,,fixture-value-227e36; fixture-value-75bc00; fixture-value-15bd49,Fixture value b9307c,,,,Fixture value cce199,,,,,,,,,,kg,,,active
fixture-product-a9bd47,,,,,,,,,S,,,,,,,,,3000.0,shopify,18,deny,manual,124.00,,true,true,,,,,,https://example.test/fixture/0ad31ed3e9.jpg,2,,,,,,,,,,,,,,,,,,,,,,,,,,,,,,,,,,,,,,,,kg,,,
fixture-product-a9bd47,,,,,,,,,M,,,,,,,,,3000.0,shopify,18,deny,manual,124.00,,true,true,,,,,,,,,,,,,,,,,,,,,,,,,,,,,,,,,,,,,,,,,,,,,,,kg,,,
fixture-product-a9bd47,,,,,,,,,L,,,,,,,,,3000.0,shopify,18,deny,manual,124.00,,true,true,,,,,,,,,,,,,,,,,,,,,,,,,,,,,,,,,,,,,,,,,,,,,,,kg,,,
fixture-product-a9bd47,,,,,,,,,XL,,,,,,,,,3000.0,shopify,18,deny,manual,124.00,,true,true,,,,,,,,,,,,,,,,,,,,,,,,,,,,,,,,,,,,,,,,,,,,,,,kg,,,
fixture-product-a9bd47,,,,,,,,,XXL,,,,,,,,,3000.0,shopify,18,deny,manual,124.00,,true,true,,,,,,,,,,,,,,,,,,,,,,,,,,,,,,,,,,,,,,,,,,,,,,,kg,,,
fixture-product-a9bd47,,,,,,,,,3XL,,,,,,,,,3000.0,shopify,18,deny,manual,124.00,,true,true,,,,,,,,,,,,,,,,,,,,,,,,,,,,,,,,,,,,,,,,,,,,,,,kg,,,
fixture-product-a9bd47,,,,,,,,,4XL,,,,,,,,,3000.0,shopify,18,deny,manual,124.00,,true,true,,,,,,,,,,,,,,,,,,,,,,,,,,,,,,,,,,,,,,,,,,,,,,,kg,,,
fixture-product-a9bd47,,,,,,,,,5XL,,,,,,,,,3000.0,shopify,18,deny,manual,124.00,,true,true,,,,,,,,,,,,,,,,,,,,,,,,,,,,,,,,,,,,,,,,,,,,,,,kg,,,
fixture-product-79e416,Fixture product 032380,<p>Fixture description 0c717542</p>,ACME FIXTURE,Apparel & Accessories > Clothing,Fixture type b8f0,"Fixture type b8f0, tag-b9bc, tag-8210, tag-8c53, tag-b55f, tag-e23b, tag-bef2, tag-e55a, tag-0855",true,Size,XS,,,,,,,,,2000.0,shopify,9,continue,manual,80.00,124.00,true,true,,,,,,https://example.test/fixture/95cd264668.jpg,1,,false,Fixture SEO title b8957e,Fixture SEO description 4a3563,Apparel & Accessories > Clothing,Unisex,Adult,,New,,,,,,,Fixture value 1d4d28,Fixture value 4879fe,,fixture-product-1ca430,,,,fixture-value-fa1fa5; fixture-value-a800f9; fixture-value-f97bb0,,fixture-value-75bc00; fixture-value-15bd49; fixture-value-227e36,Fixture value fe3185,,,fixture-product-1ca430; fixture-product-b0d2c7; fixture-product-570665; fixture-product-79e416,Fixture value 196e08,,,,,,,,,,g,,,active
fixture-product-79e416,,,,,,,,,S,,,,,,,,,2000.0,shopify,9,continue,manual,80.00,124.00,true,true,,,,,,https://example.test/fixture/5f5f713b87.jpg,2,,,,,,,,,,,,,,,,,,,,,,,,,,,,,,,,,,,,,,,,g,,,
fixture-product-79e416,,,,,,,,,M,,,,,,,,,2000.0,shopify,9,continue,manual,80.00,124.00,true,true,,,,,,https://example.test/fixture/551159251d.jpg,3,,,,,,,,,,,,,,,,,,,,,,,,,,,,,,,,,,,,,,,,kg,,,
fixture-product-79e416,,,,,,,,,L,,,,,,,,,2000.0,shopify,9,continue,manual,80.00,124.00,true,true,,,,,,https://example.test/fixture/69f30496b3.jpg,4,,,,,,,,,,,,,,,,,,,,,,,,,,,,,,,,,,,,,,,,kg,,,
fixture-product-79e416,,,,,,,,,XL,,,,,,,,,2000.0,shopify,9,continue,manual,80.00,124.00,true,true,,,,,,,,,,,,,,,,,,,,,,,,,,,,,,,,,,,,,,,,,,,,,,,kg,,,
fixture-product-79e416,,,,,,,,,XXL,,,,,,,,,2000.0,shopify,9,continue,manual,80.00,124.00,true,true,,,,,,,,,,,,,,,,,,,,,,,,,,,,,,,,,,,,,,,,,,,,,,,kg,,,
fixture-product-79e416,,,,,,,,,3XL,,,,,,,,,2000.0,shopify,9,continue,manual,80.00,124.00,true,true,,,,,,,,,,,,,,,,,,,,,,,,,,,,,,,,,,,,,,,,,,,,,,,kg,,,
fixture-product-79e416,,,,,,,,,4XL,,,,,,,,,2000.0,shopify,9,continue,manual,80.00,124.00,true,true,,,,,,,,,,,,,,,,,,,,,,,,,,,,,,,,,,,,,,,,,,,,,,,kg,,,
fixture-product-79e416,,,,,,,,,5XL,,,,,,,,,2000.0,shopify,9,continue,manual,80.00,124.00,true,true,,,,,,,,,,,,,,,,,,,,,,,,,,,,,,,,,,,,,,,,,,,,,,,g,,,
fixture-product-570665,Fixture product 032380,<p>Fixture description 0c717542</p>,ACME FIXTURE,Apparel & Accessories > Clothing,Fixture type b8f0,"Fixture type b8f0, tag-b9bc, tag-8210, tag-8c53, tag-b55f, tag-e23b, tag-bef2, tag-e55a, tag-0855",true,Size,XS,,,,,,,,,2000.0,shopify,9,continue,manual,124.00,82.00,true,true,,,,,,https://example.test/fixture/0af69aa1b3.jpg,1,,false,Fixture SEO title b8957e,Fixture SEO description 4a3563,Apparel & Accessories > Clothing,Unisex,Adult,,New,,,,,,,Fixture value 1d4d28,Fixture value 4879fe,,fixture-product-1ca430,,,,fixture-value-fa1fa5; fixture-value-a800f9; fixture-value-f97bb0,,fixture-value-75bc00; fixture-value-15bd49; fixture-value-227e36,Fixture value fe3185,,,fixture-product-1ca430; fixture-product-b0d2c7; fixture-product-570665; fixture-product-79e416,Fixture value 617eb8,,,,,,,,,,g,,,active
fixture-product-570665,,,,,,,,,S,,,,,,,,,2000.0,shopify,9,continue,manual,124.00,82.00,true,true,,,,,,https://example.test/fixture/e452dc0b9d.jpg,2,,,,,,,,,,,,,,,,,,,,,,,,,,,,,,,,,,,,,,,,g,,,
fixture-product-570665,,,,,,,,,M,,,,,,,,,2000.0,shopify,9,continue,manual,124.00,82.00,true,true,,,,,,https://example.test/fixture/a4f68e7b35.jpg,3,,,,,,,,,,,,,,,,,,,,,,,,,,,,,,,,,,,,,,,,kg,,,
fixture-product-570665,,,,,,,,,L,,,,,,,,,2000.0,shopify,9,continue,manual,124.00,82.00,true,true,,,,,,https://example.test/fixture/1b998beb64.jpg,4,,,,,,,,,,,,,,,,,,,,,,,,,,,,,,,,,,,,,,,,kg,,,
fixture-product-570665,,,,,,,,,XL,,,,,,,,,2000.0,shopify,9,continue,manual,124.00,82.00,true,true,,,,,,,,,,,,,,,,,,,,,,,,,,,,,,,,,,,,,,,,,,,,,,,kg,,,
fixture-product-570665,,,,,,,,,XXL,,,,,,,,,2000.0,shopify,9,continue,manual,124.00,82.00,true,true,,,,,,,,,,,,,,,,,,,,,,,,,,,,,,,,,,,,,,,,,,,,,,,kg,,,
fixture-product-570665,,,,,,,,,3XL,,,,,,,,,2000.0,shopify,9,continue,manual,124.00,82.00,true,true,,,,,,,,,,,,,,,,,,,,,,,,,,,,,,,,,,,,,,,,,,,,,,,kg,,,
fixture-product-570665,,,,,,,,,4XL,,,,,,,,,2000.0,shopify,9,continue,manual,124.00,82.00,true,true,,,,,,,,,,,,,,,,,,,,,,,,,,,,,,,,,,,,,,,,,,,,,,,kg,,,
fixture-product-570665,,,,,,,,,5XL,,,,,,,,,2000.0,shopify,9,continue,manual,124.00,82.00,true,true,,,,,,,,,,,,,,,,,,,,,,,,,,,,,,,,,,,,,,,,,,,,,,,g,,,
fixture-product-b0d2c7,Fixture product 703bc8,<p>Fixture description 12364a4f</p>,ACME FIXTURE,Apparel & Accessories > Clothing,Fixture type b8f0,"Fixture type b8f0, tag-b9bc, tag-8210, tag-99f4, tag-b55f, tag-e23b, tag-bef2, tag-e55a, tag-d696",true,Size,XS,,,,,,,,,2000.0,shopify,9,continue,manual,124.00,82.00,true,true,,,,,,https://example.test/fixture/e6c6290a60.jpg,1,,false,Fixture SEO title b8957e,Fixture SEO description 4a3563,Apparel & Accessories > Clothing,Unisex,Adult,,New,,,,,,,Fixture value 1d4d28,Fixture value 4879fe,,fixture-product-1ca430,,,,fixture-value-fa1fa5; fixture-value-f97bb0; fixture-value-a800f9; fixture-value-12b180; fixture-value-1e9808,,fixture-value-75bc00; fixture-value-15bd49; fixture-value-227e36,Fixture value fe3185,,,fixture-product-1ca430; fixture-product-b0d2c7; fixture-product-570665; fixture-product-79e416,Fixture value 617eb8,,,,,,,,,,g,,,active
fixture-product-b0d2c7,,,,,,,,,S,,,,,,,,,2000.0,shopify,9,continue,manual,124.00,82.00,true,true,,,,,,https://example.test/fixture/01c101ec1c.jpg,2,,,,,,,,,,,,,,,,,,,,,,,,,,,,,,,,,,,,,,,,g,,,
fixture-product-b0d2c7,,,,,,,,,M,,,,,,,,,2000.0,shopify,9,continue,manual,124.00,82.00,true,true,,,,,,https://example.test/fixture/d2d0f41522.jpg,3,,,,,,,,,,,,,,,,,,,,,,,,,,,,,,,,,,,,,,,,kg,,,
fixture-product-b0d2c7,,,,,,,,,L,,,,,,,,,2000.0,shopify,9,continue,manual,124.00,82.00,true,true,,,,,,https://example.test/fixture/04a1839bec.jpg,4,,,,,,,,,,,,,,,,,,,,,,,,,,,,,,,,,,,,,,,,kg,,,
fixture-product-b0d2c7,,,,,,,,,XL,,,,,,,,,2000.0,shopify,9,continue,manual,124.00,82.00,true,true,,,,,,,,,,,,,,,,,,,,,,,,,,,,,,,,,,,,,,,,,,,,,,,kg,,,
fixture-product-b0d2c7,,,,,,,,,XXL,,,,,,,,,2000.0,shopify,9,continue,manual,124.00,82.00,true,true,,,,,,,,,,,,,,,,,,,,,,,,,,,,,,,,,,,,,,,,,,,,,,,kg,,,
fixture-product-b0d2c7,,,,,,,,,3XL,,,,,,,,,2000.0,shopify,9,continue,manual,124.00,82.00,true,true,,,,,,,,,,,,,,,,,,,,,,,,,,,,,,,,,,,,,,,,,,,,,,,kg,,,
fixture-product-b0d2c7,,,,,,,,,4XL,,,,,,,,,2000.0,shopify,9,continue,manual,124.00,82.00,true,true,,,,,,,,,,,,,,,,,,,,,,,,,,,,,,,,,,,,,,,,,,,,,,,kg,,,
fixture-product-b0d2c7,,,,,,,,,5XL,,,,,,,,,2000.0,shopify,9,continue,manual,124.00,82.00,true,true,,,,,,,,,,,,,,,,,,,,,,,,,,,,,,,,,,,,,,,,,,,,,,,g,,,
fixture-product-1ca430,Fixture product 703bc8,<p>Fixture description 12364a4f</p>,ACME FIXTURE,Apparel & Accessories > Clothing,Fixture type b8f0,"Fixture type b8f0, tag-b9bc, tag-8210, tag-99f4, tag-b55f, tag-e23b, tag-bef2, tag-e55a, tag-d696",true,Size,XS,,,,,,,,,2000.0,shopify,9,continue,manual,124.00,82.00,true,true,,,,,,https://example.test/fixture/776c510170.jpg,1,,false,Fixture SEO title b8957e,Fixture SEO description 4a3563,Apparel & Accessories > Clothing,Unisex,Adult,,New,,,,,,,Fixture value 1d4d28,Fixture value 4879fe,,fixture-product-1ca430,,,,fixture-value-fa1fa5; fixture-value-f97bb0; fixture-value-a800f9; fixture-value-12b180; fixture-value-1e9808,,fixture-value-75bc00; fixture-value-15bd49; fixture-value-227e36,Fixture value fe3185,,,fixture-product-b0d2c7; fixture-product-1ca430; fixture-product-570665; fixture-product-79e416,Fixture value 196e08,,,,,,,,,,g,,,active
fixture-product-1ca430,,,,,,,,,S,,,,,,,,,2000.0,shopify,9,continue,manual,124.00,82.00,true,true,,,,,,https://example.test/fixture/abd1d3470d.jpg,2,,,,,,,,,,,,,,,,,,,,,,,,,,,,,,,,,,,,,,,,g,,,
fixture-product-1ca430,,,,,,,,,M,,,,,,,,,2000.0,shopify,9,continue,manual,124.00,82.00,true,true,,,,,,https://example.test/fixture/0b4b1fc7b3.jpg,3,,,,,,,,,,,,,,,,,,,,,,,,,,,,,,,,,,,,,,,,kg,,,
fixture-product-1ca430,,,,,,,,,L,,,,,,,,,2000.0,shopify,3,continue,manual,124.00,82.00,true,true,,,,,,https://example.test/fixture/157c447638.jpg,4,,,,,,,,,,,,,,,,,,,,,,,,,,,,,,,,,,,,,,,,kg,,,
fixture-product-1ca430,,,,,,,,,XL,,,,,,,,,2000.0,shopify,9,continue,manual,124.00,82.00,true,true,,,,,,,,,,,,,,,,,,,,,,,,,,,,,,,,,,,,,,,,,,,,,,,kg,,,
fixture-product-1ca430,,,,,,,,,XXL,,,,,,,,,2000.0,shopify,9,continue,manual,124.00,82.00,true,true,,,,,,,,,,,,,,,,,,,,,,,,,,,,,,,,,,,,,,,,,,,,,,,kg,,,
fixture-product-1ca430,,,,,,,,,3XL,,,,,,,,,2000.0,shopify,9,continue,manual,124.00,82.00,true,true,,,,,,,,,,,,,,,,,,,,,,,,,,,,,,,,,,,,,,,,,,,,,,,kg,,,
fixture-product-1ca430,,,,,,,,,4XL,,,,,,,,,2000.0,shopify,9,continue,manual,124.00,82.00,true,true,,,,,,,,,,,,,,,,,,,,,,,,,,,,,,,,,,,,,,,,,,,,,,,kg,,,
fixture-product-1ca430,,,,,,,,,5XL,,,,,,,,,2000.0,shopify,9,continue,manual,124.00,82.00,true,true,,,,,,,,,,,,,,,,,,,,,,,,,,,,,,,,,,,,,,,,,,,,,,,g,,,
fixture-product-225425,Fixture product e52985,<p>Fixture description 27d7999e</p>,ACME FIXTURE,Apparel & Accessories > Clothing,Fixture type b8f0,"Fixture type b8f0, tag-b9bc, tag-8210, tag-99f4, tag-b55f, tag-e23b, tag-bef2, tag-e55a, tag-d696",true,Size,XS,,,,,,,,,2000.0,shopify,9,continue,manual,72.00,44.00,true,true,,,,,,https://example.test/fixture/5f6627b9f2.jpg,1,,false,Fixture SEO title b8957e,Fixture SEO description 4a3563,Apparel & Accessories > Clothing,Unisex,Adult,,New,,,,,,,Fixture value 1d4d28,Fixture value 4879fe,,fixture-product-2f08f8,,fixture-value-00cfbf; fixture-value-a4f4ea; fixture-value-17993f; fixture-value-6ecf70; fixture-value-052c6a,fixture-value-67d3a7; fixture-value-0dde29; fixture-value-769997; fixture-value-7eeee1,fixture-value-f30405; fixture-value-1744d6; fixture-value-1e9808; fixture-value-12b180; fixture-value-5aaa21,,fixture-value-75bc00; fixture-value-15bd49; fixture-value-227e36,Fixture value fe3185,,,fixture-product-2f08f8; fixture-product-225425,Fixture value c837ee,,,,,,,,,,g,,,active
fixture-product-225425,,,,,,,,,S,,,,,,,,,2000.0,shopify,9,continue,manual,72.00,44.00,true,true,,,,,,https://example.test/fixture/46be694a75.jpg,2,,,,,,,,,,,,,,,,,,,,,,,,,,,,,,,,,,,,,,,,g,,,
fixture-product-225425,,,,,,,,,M,,,,,,,,,2000.0,shopify,9,continue,manual,72.00,44.00,true,true,,,,,,https://example.test/fixture/a03dc1e7ee.jpg,3,,,,,,,,,,,,,,,,,,,,,,,,,,,,,,,,,,,,,,,,kg,,,
fixture-product-225425,,,,,,,,,L,,,,,,,,,2000.0,shopify,9,continue,manual,72.00,44.00,true,true,,,,,,https://example.test/fixture/a311b39456.jpg,4,,,,,,,,,,,,,,,,,,,,,,,,,,,,,,,,,,,,,,,,kg,,,
fixture-product-225425,,,,,,,,,XL,,,,,,,,,2000.0,shopify,9,continue,manual,72.00,44.00,true,true,,,,,,https://example.test/fixture/6ca75ebc47.jpg,5,,,,,,,,,,,,,,,,,,,,,,,,,,,,,,,,,,,,,,,,kg,,,
fixture-product-225425,,,,,,,,,XXL,,,,,,,,,2000.0,shopify,9,continue,manual,72.00,44.00,true,true,,,,,,https://example.test/fixture/2ca2a6f7ff.jpg,6,,,,,,,,,,,,,,,,,,,,,,,,,,,,,,,,,,,,,,,,kg,,,
fixture-product-225425,,,,,,,,,3XL,,,,,,,,,2000.0,shopify,9,continue,manual,72.00,44.00,true,true,,,,,,,,,,,,,,,,,,,,,,,,,,,,,,,,,,,,,,,,,,,,,,,kg,,,
fixture-product-225425,,,,,,,,,4XL,,,,,,,,,2000.0,shopify,9,continue,manual,72.00,44.00,true,true,,,,,,,,,,,,,,,,,,,,,,,,,,,,,,,,,,,,,,,,,,,,,,,kg,,,
fixture-product-225425,,,,,,,,,5XL,,,,,,,,,2000.0,shopify,9,continue,manual,72.00,44.00,true,true,,,,,,,,,,,,,,,,,,,,,,,,,,,,,,,,,,,,,,,,,,,,,,,g,,,
fixture-product-2f08f8,Fixture product e52985,<p>Fixture description 27d7999e</p>,ACME FIXTURE,Apparel & Accessories > Clothing,Fixture type b8f0,"tag-b0f9, tag-cc30, Fixture type b8f0, tag-b9bc, tag-8210, tag-99f4, tag-c7ff, tag-b55f, tag-e23b, tag-bef2, tag-e55a, tag-d696",true,Size,XS,,,,,,,,,2000.0,shopify,9,continue,manual,72.00,44.00,true,true,,,,,,https://example.test/fixture/c65542ddc4.jpg,1,,false,Fixture SEO title b8957e,Fixture SEO description 4a3563,Apparel & Accessories > Clothing,Unisex,Adult,,New,,,,,,,Fixture value 1d4d28,Fixture value 4879fe,,fixture-product-2f08f8,,fixture-value-00cfbf; fixture-value-a4f4ea; fixture-value-17993f; fixture-value-6ecf70; fixture-value-052c6a,fixture-value-67d3a7; fixture-value-0dde29; fixture-value-769997; fixture-value-7eeee1,fixture-value-f30405; fixture-value-1744d6; fixture-value-1e9808; fixture-value-12b180; fixture-value-5aaa21,,fixture-value-75bc00; fixture-value-15bd49; fixture-value-227e36,Fixture value fe3185,,,fixture-product-2f08f8; fixture-product-225425,Fixture value cce199,,,,,,,,,,g,,,active
fixture-product-2f08f8,,,,,,,,,S,,,,,,,,,2000.0,shopify,9,continue,manual,72.00,44.00,true,true,,,,,,https://example.test/fixture/85e77e28af.jpg,2,,,,,,,,,,,,,,,,,,,,,,,,,,,,,,,,,,,,,,,,g,,,
fixture-product-2f08f8,,,,,,,,,M,,,,,,,,,2000.0,shopify,9,continue,manual,72.00,44.00,true,true,,,,,,https://example.test/fixture/cf791275a8.jpg,3,,,,,,,,,,,,,,,,,,,,,,,,,,,,,,,,,,,,,,,,kg,,,
fixture-product-2f08f8,,,,,,,,,L,,,,,,,,,2000.0,shopify,9,continue,manual,72.00,44.00,true,true,,,,,,https://example.test/fixture/1180d95aec.jpg,4,,,,,,,,,,,,,,,,,,,,,,,,,,,,,,,,,,,,,,,,kg,,,
fixture-product-2f08f8,,,,,,,,,XL,,,,,,,,,2000.0,shopify,9,continue,manual,72.00,44.00,true,true,,,,,,,,,,,,,,,,,,,,,,,,,,,,,,,,,,,,,,,,,,,,,,,kg,,,
fixture-product-2f08f8,,,,,,,,,XXL,,,,,,,,,2000.0,shopify,9,continue,manual,72.00,44.00,true,true,,,,,,,,,,,,,,,,,,,,,,,,,,,,,,,,,,,,,,,,,,,,,,,kg,,,
fixture-product-2f08f8,,,,,,,,,3XL,,,,,,,,,2000.0,shopify,9,continue,manual,72.00,44.00,true,true,,,,,,,,,,,,,,,,,,,,,,,,,,,,,,,,,,,,,,,,,,,,,,,kg,,,
fixture-product-2f08f8,,,,,,,,,4XL,,,,,,,,,2000.0,shopify,9,continue,manual,72.00,44.00,true,true,,,,,,,,,,,,,,,,,,,,,,,,,,,,,,,,,,,,,,,,,,,,,,,kg,,,
fixture-product-2f08f8,,,,,,,,,5XL,,,,,,,,,2000.0,shopify,9,continue,manual,72.00,44.00,true,true,,,,,,,,,,,,,,,,,,,,,,,,,,,,,,,,,,,,,,,,,,,,,,,g,,,
fixture-product-106fa0,Fixture product 33fd4f,<p>Fixture description b1ef2c60</p>,ACME FIXTURE,Vehicles & Parts > Vehicle Parts & Accessories > Vehicle Safety & Security > Motorcycle Protective Gear > Motorcycle Gloves,Fixture type 3560,"Fixture type 3560, tag-b9bc, tag-8210, tag-4d57, tag-f2ee, tag-4294, tag-d30b, tag-bef2, tag-e55a, tag-f7ab",true,Size,S,,,,,,,,,500.0,shopify,18,deny,manual,131.00,48.00,true,true,,,,,,https://example.test/fixture/74887aaf68.jpg,1,,false,,,,unisex,adult,,new,,,,,,,,Fixture value 4879fe,,,,,,,,fixture-value-227e36; fixture-value-75bc00; fixture-value-15bd49,Fixture value b9307c,,fixture-value-fc5456,fixture-product-106fa0; fixture-product-2d888c,Fixture value cce199,,,,,,,,,,kg,,,active
fixture-product-106fa0,,,,,,,,,M,,,,,,,,,500.0,shopify,18,deny,manual,131.00,48.00,true,true,,,,,,https://example.test/fixture/6dfc752a8c.jpg,2,,,,,,,,,,,,,,,,,,,,,,,,,,,,,,,,,,,,,,,,kg,,,
fixture-product-106fa0,,,,,,,,,L,,,,,,,,,500.0,shopify,18,deny,manual,131.00,48.00,true,true,,,,,,https://example.test/fixture/73466ec199.jpg,3,,,,,,,,,,,,,,,,,,,,,,,,,,,,,,,,,,,,,,,,kg,,,
fixture-product-106fa0,,,,,,,,,XL,,,,,,,,,500.0,shopify,18,deny,manual,131.00,48.00,true,true,,,,,,https://example.test/fixture/416545df12.jpg,4,,,,,,,,,,,,,,,,,,,,,,,,,,,,,,,,,,,,,,,,kg,,,
fixture-product-106fa0,,,,,,,,,XXL,,,,,,,,,500.0,shopify,18,deny,manual,131.00,48.00,true,true,,,,,,https://example.test/fixture/9632e85caa.jpg,5,,,,,,,,,,,,,,,,,,,,,,,,,,,,,,,,,,,,,,,,kg,,,
fixture-product-106fa0,,,,,,,,,,,,,,,,,,,,,,,,,,,,,,,,https://example.test/fixture/26ff94dc3c.jpg,6,,,,,,,,,,,,,,,,,,,,,,,,,,,,,,,,,,,,,,,,,,,
fixture-product-962e2d,Fixture product 278a8e,<p>Fixture description 98c9d368</p>,ACME FIXTURE,Apparel & Accessories > Clothing > Activewear > Motorcycle Protective Clothing > Motorcycle Suits,Fixture type a06f,"tag-b9bc, tag-8210, tag-7035, tag-dfcc, tag-bef2, tag-e55a, tag-9afc",false,Size,46,,,,,,,,,0.0,shopify,18,deny,manual,149.00,,true,true,,,,,,https://example.test/fixture/8f81aaa27b.jpg,1,,false,,,,unisex,adult,,new,,,,,,,,Fixture value 4879fe,,,,,,fixture-value-6e5b8c; fixture-value-66080a; fixture-value-b79bbf; fixture-value-c9c4e6; fixture-value-5ac10b,,fixture-value-227e36; fixture-value-75bc00; fixture-value-15bd49,Fixture value b9307c,,,,Fixture value cce199,,,,,,,,,,kg,,,draft
fixture-product-962e2d,,,,,,,,,48,,,,,,,,,0.0,shopify,18,deny,manual,149.00,,true,true,,,,,,https://example.test/fixture/dec758bdbc.jpg,2,,,,,,,,,,,,,,,,,,,,,,,,,,,,,,,,,,,,,,,,kg,,,
fixture-product-962e2d,,,,,,,,,50,,,,,,,,,0.0,shopify,18,deny,manual,149.00,,true,true,,,,,,https://example.test/fixture/8fcca1d3dd.jpg,3,,,,,,,,,,,,,,,,,,,,,,,,,,,,,,,,,,,,,,,,kg,,,
fixture-product-962e2d,,,,,,,,,52,,,,,,,,,0.0,shopify,18,deny,manual,149.00,,true,true,,,,,,https://example.test/fixture/e6437852d3.jpg,4,,,,,,,,,,,,,,,,,,,,,,,,,,,,,,,,,,,,,,,,kg,,,
fixture-product-962e2d,,,,,,,,,54,,,,,,,,,0.0,shopify,18,deny,manual,149.00,,true,true,,,,,,https://example.test/fixture/e93f4be5d2.jpg,5,,,,,,,,,,,,,,,,,,,,,,,,,,,,,,,,,,,,,,,,kg,,,
fixture-product-962e2d,,,,,,,,,56,,,,,,,,,0.0,shopify,18,deny,manual,149.00,,true,true,,,,,,https://example.test/fixture/715fc2f178.jpg,6,,,,,,,,,,,,,,,,,,,,,,,,,,,,,,,,,,,,,,,,kg,,,
fixture-product-962e2d,,,,,,,,,58,,,,,,,,,0.0,shopify,18,deny,manual,149.00,,true,true,,,,,,,,,,,,,,,,,,,,,,,,,,,,,,,,,,,,,,,,,,,,,,,kg,,,
fixture-product-01beeb,Fixture product 1e6a3f,<p>Fixture description bb4169a0</p>,ACME FIXTURE,Apparel & Accessories > Clothing > Activewear > Motorcycle Protective Clothing > Motorcycle Suits,Fixture type a06f,"tag-b9bc, tag-8210, tag-7035, tag-dfcc, tag-bef2, tag-e55a, tag-9afc",true,Size,46,,,,,,,,,0.0,shopify,17,deny,manual,149.00,,true,true,,,,,,https://example.test/fixture/96de774e2d.jpg,1,,false,,,,unisex,adult,,new,,,,,,,,Fixture value 4879fe,,,,,,fixture-value-b6c0fc; fixture-value-1abcae; fixture-value-d94ccf; fixture-value-6e5b8c; fixture-value-66080a; fixture-value-c9c4e6,,fixture-value-227e36; fixture-value-75bc00; fixture-value-15bd49,Fixture value b9307c,,,fixture-product-0dcaea; fixture-product-6e77ce; fixture-product-7b0a25; fixture-product-a89197; fixture-product-4e995d; fixture-product-c48ec6; fixture-product-01beeb,Fixture value c4358c,,,,,,,,,,kg,,,active
fixture-product-01beeb,,,,,,,,,48,,,,,,,,,0.0,shopify,17,deny,manual,149.00,,true,true,,,,,,https://example.test/fixture/c695de127d.jpg,2,,,,,,,,,,,,,,,,,,,,,,,,,,,,,,,,,,,,,,,,kg,,,
fixture-product-01beeb,,,,,,,,,50,,,,,,,,,0.0,shopify,17,deny,manual,149.00,,true,true,,,,,,https://example.test/fixture/4508e67b4d.jpg,3,,,,,,,,,,,,,,,,,,,,,,,,,,,,,,,,,,,,,,,,kg,,,
fixture-product-01beeb,,,,,,,,,52,,,,,,,,,0.0,shopify,17,deny,manual,149.00,,true,true,,,,,,,,,,,,,,,,,,,,,,,,,,,,,,,,,,,,,,,,,,,,,,,kg,,,
fixture-product-01beeb,,,,,,,,,54,,,,,,,,,0.0,shopify,17,deny,manual,149.00,,true,true,,,,,,,,,,,,,,,,,,,,,,,,,,,,,,,,,,,,,,,,,,,,,,,kg,,,
fixture-product-01beeb,,,,,,,,,56,,,,,,,,,0.0,shopify,17,deny,manual,149.00,,true,true,,,,,,,,,,,,,,,,,,,,,,,,,,,,,,,,,,,,,,,,,,,,,,,kg,,,
fixture-product-01beeb,,,,,,,,,58,,,,,,,,,0.0,shopify,17,deny,manual,149.00,,true,true,,,,,,,,,,,,,,,,,,,,,,,,,,,,,,,,,,,,,,,,,,,,,,,kg,,,
fixture-product-c48ec6,Fixture product 1e6a3f,<p>Fixture description bb4169a0</p>,ACME FIXTURE,Apparel & Accessories > Clothing > Activewear > Motorcycle Protective Clothing > Motorcycle Suits,Fixture type a06f,"tag-b9bc, tag-8210, tag-7035, tag-dfcc, tag-bef2, tag-e55a, tag-9afc",true,Size,46,,,,,,,,,0.0,shopify,17,deny,manual,149.00,,true,true,,,,,,https://example.test/fixture/4e6fdc15c2.jpg,1,,false,,,,unisex,adult,,new,,,,,,,,Fixture value 4879fe,,,,,,fixture-value-b6c0fc; fixture-value-1abcae; fixture-value-d94ccf; fixture-value-6e5b8c; fixture-value-66080a; fixture-value-c9c4e6,,fixture-value-227e36; fixture-value-75bc00; fixture-value-15bd49,Fixture value b9307c,,,fixture-product-0dcaea; fixture-product-6e77ce; fixture-product-7b0a25; fixture-product-a89197; fixture-product-4e995d; fixture-product-c48ec6; fixture-product-01beeb,Fixture value 674ba6,,,,,,,,,,kg,,,active
fixture-product-c48ec6,,,,,,,,,48,,,,,,,,,0.0,shopify,17,deny,manual,149.00,,true,true,,,,,,https://example.test/fixture/08755b8512.jpg,2,,,,,,,,,,,,,,,,,,,,,,,,,,,,,,,,,,,,,,,,kg,,,
fixture-product-c48ec6,,,,,,,,,50,,,,,,,,,0.0,shopify,17,deny,manual,149.00,,true,true,,,,,,https://example.test/fixture/6ca6c255c9.jpg,3,,,,,,,,,,,,,,,,,,,,,,,,,,,,,,,,,,,,,,,,kg,,,
fixture-product-c48ec6,,,,,,,,,52,,,,,,,,,0.0,shopify,17,deny,manual,149.00,,true,true,,,,,,https://example.test/fixture/f2acc317da.jpg,4,,,,,,,,,,,,,,,,,,,,,,,,,,,,,,,,,,,,,,,,kg,,,
fixture-product-c48ec6,,,,,,,,,54,,,,,,,,,0.0,shopify,17,deny,manual,149.00,,true,true,,,,,,,,,,,,,,,,,,,,,,,,,,,,,,,,,,,,,,,,,,,,,,,kg,,,
fixture-product-c48ec6,,,,,,,,,56,,,,,,,,,0.0,shopify,17,deny,manual,149.00,,true,true,,,,,,,,,,,,,,,,,,,,,,,,,,,,,,,,,,,,,,,,,,,,,,,kg,,,
fixture-product-c48ec6,,,,,,,,,58,,,,,,,,,0.0,shopify,17,deny,manual,149.00,,true,true,,,,,,,,,,,,,,,,,,,,,,,,,,,,,,,,,,,,,,,,,,,,,,,kg,,,
fixture-product-4e995d,Fixture product 1e6a3f,<p>Fixture description bb4169a0</p>,ACME FIXTURE,Apparel & Accessories > Clothing > Activewear > Motorcycle Protective Clothing > Motorcycle Suits,Fixture type a06f,"tag-b9bc, tag-8210, tag-7035, tag-dfcc, tag-bef2, tag-e55a, tag-9afc",true,Size,46,,,,,,,,,0.0,shopify,17,deny,manual,149.00,,true,true,,,,,,https://example.test/fixture/606175a2d5.jpg,1,,false,,,,unisex,adult,,new,,,,,,,,Fixture value 4879fe,,,,,,fixture-value-b6c0fc; fixture-value-1abcae; fixture-value-d94ccf; fixture-value-6e5b8c; fixture-value-66080a; fixture-value-c9c4e6,,fixture-value-227e36; fixture-value-75bc00; fixture-value-15bd49,Fixture value b9307c,,,fixture-product-0dcaea; fixture-product-6e77ce; fixture-product-7b0a25; fixture-product-a89197; fixture-product-4e995d; fixture-product-c48ec6; fixture-product-01beeb,Fixture value 7709d5,,,,,,,,,,kg,,,active
fixture-product-4e995d,,,,,,,,,48,,,,,,,,,0.0,shopify,17,deny,manual,149.00,,true,true,,,,,,https://example.test/fixture/8e86036755.jpg,2,,,,,,,,,,,,,,,,,,,,,,,,,,,,,,,,,,,,,,,,kg,,,
fixture-product-4e995d,,,,,,,,,50,,,,,,,,,0.0,shopify,17,deny,manual,149.00,,true,true,,,,,,https://example.test/fixture/158bda0c67.jpg,3,,,,,,,,,,,,,,,,,,,,,,,,,,,,,,,,,,,,,,,,kg,,,
fixture-product-4e995d,,,,,,,,,52,,,,,,,,,0.0,shopify,17,deny,manual,149.00,,true,true,,,,,,,,,,,,,,,,,,,,,,,,,,,,,,,,,,,,,,,,,,,,,,,kg,,,
fixture-product-4e995d,,,,,,,,,54,,,,,,,,,0.0,shopify,17,deny,manual,149.00,,true,true,,,,,,,,,,,,,,,,,,,,,,,,,,,,,,,,,,,,,,,,,,,,,,,kg,,,
fixture-product-4e995d,,,,,,,,,56,,,,,,,,,0.0,shopify,17,deny,manual,149.00,,true,true,,,,,,,,,,,,,,,,,,,,,,,,,,,,,,,,,,,,,,,,,,,,,,,kg,,,
fixture-product-4e995d,,,,,,,,,58,,,,,,,,,0.0,shopify,17,deny,manual,149.00,,true,true,,,,,,,,,,,,,,,,,,,,,,,,,,,,,,,,,,,,,,,,,,,,,,,kg,,,
fixture-product-a89197,Fixture product 1e6a3f,<p>Fixture description bb4169a0</p>,ACME FIXTURE,Apparel & Accessories > Clothing > Activewear > Motorcycle Protective Clothing > Motorcycle Suits,Fixture type a06f,"tag-b9bc, tag-8210, tag-7035, tag-dfcc, tag-bef2, tag-e55a, tag-9afc",true,Size,46,,,,,,,,,0.0,shopify,17,deny,manual,149.00,,true,true,,,,,,https://example.test/fixture/fa4cac032b.jpg,1,,false,,,,unisex,adult,,new,,,,,,,,Fixture value 4879fe,,,,,,fixture-value-b6c0fc; fixture-value-1abcae; fixture-value-d94ccf; fixture-value-6e5b8c; fixture-value-66080a; fixture-value-c9c4e6,,fixture-value-227e36; fixture-value-75bc00; fixture-value-15bd49,Fixture value b9307c,,,fixture-product-0dcaea; fixture-product-6e77ce; fixture-product-7b0a25; fixture-product-a89197; fixture-product-4e995d; fixture-product-c48ec6; fixture-product-01beeb,Fixture value 973c56,,,,,,,,,,kg,,,active
fixture-product-a89197,,,,,,,,,48,,,,,,,,,0.0,shopify,17,deny,manual,149.00,,true,true,,,,,,https://example.test/fixture/78a2e10ef7.jpg,2,,,,,,,,,,,,,,,,,,,,,,,,,,,,,,,,,,,,,,,,kg,,,
fixture-product-a89197,,,,,,,,,50,,,,,,,,,0.0,shopify,17,deny,manual,149.00,,true,true,,,,,,https://example.test/fixture/c9c859832d.jpg,3,,,,,,,,,,,,,,,,,,,,,,,,,,,,,,,,,,,,,,,,kg,,,
fixture-product-a89197,,,,,,,,,52,,,,,,,,,0.0,shopify,17,deny,manual,149.00,,true,true,,,,,,,,,,,,,,,,,,,,,,,,,,,,,,,,,,,,,,,,,,,,,,,kg,,,
fixture-product-a89197,,,,,,,,,54,,,,,,,,,0.0,shopify,17,deny,manual,149.00,,true,true,,,,,,,,,,,,,,,,,,,,,,,,,,,,,,,,,,,,,,,,,,,,,,,kg,,,
fixture-product-a89197,,,,,,,,,56,,,,,,,,,0.0,shopify,17,deny,manual,149.00,,true,true,,,,,,,,,,,,,,,,,,,,,,,,,,,,,,,,,,,,,,,,,,,,,,,kg,,,
fixture-product-a89197,,,,,,,,,58,,,,,,,,,0.0,shopify,17,deny,manual,149.00,,true,true,,,,,,,,,,,,,,,,,,,,,,,,,,,,,,,,,,,,,,,,,,,,,,,kg,,,
fixture-product-7b0a25,Fixture product 1e6a3f,<p>Fixture description bb4169a0</p>,ACME FIXTURE,Apparel & Accessories > Clothing > Activewear > Motorcycle Protective Clothing > Motorcycle Suits,Fixture type a06f,"tag-b9bc, tag-8210, tag-7035, tag-dfcc, tag-bef2, tag-e55a, tag-9afc",true,Size,46,,,,,,,,,0.0,shopify,17,deny,manual,149.00,,true,true,,,,,,https://example.test/fixture/9e48a092af.jpg,1,,false,,,,unisex,adult,,new,,,,,,,,Fixture value 4879fe,,,,,,fixture-value-b6c0fc; fixture-value-1abcae; fixture-value-d94ccf; fixture-value-6e5b8c; fixture-value-66080a; fixture-value-c9c4e6,,fixture-value-227e36; fixture-value-75bc00; fixture-value-15bd49,Fixture value b9307c,,,fixture-product-0dcaea; fixture-product-6e77ce; fixture-product-7b0a25; fixture-product-a89197; fixture-product-4e995d; fixture-product-c48ec6; fixture-product-01beeb,Fixture value 6ee234,,,,,,,,,,kg,,,active
fixture-product-7b0a25,,,,,,,,,48,,,,,,,,,0.0,shopify,17,deny,manual,149.00,,true,true,,,,,,https://example.test/fixture/00d572d66d.jpg,2,,,,,,,,,,,,,,,,,,,,,,,,,,,,,,,,,,,,,,,,kg,,,
fixture-product-7b0a25,,,,,,,,,50,,,,,,,,,0.0,shopify,17,deny,manual,149.00,,true,true,,,,,,https://example.test/fixture/bbbea31a0d.jpg,3,,,,,,,,,,,,,,,,,,,,,,,,,,,,,,,,,,,,,,,,kg,,,
fixture-product-7b0a25,,,,,,,,,52,,,,,,,,,0.0,shopify,17,deny,manual,149.00,,true,true,,,,,,,,,,,,,,,,,,,,,,,,,,,,,,,,,,,,,,,,,,,,,,,kg,,,
fixture-product-7b0a25,,,,,,,,,54,,,,,,,,,0.0,shopify,17,deny,manual,149.00,,true,true,,,,,,,,,,,,,,,,,,,,,,,,,,,,,,,,,,,,,,,,,,,,,,,kg,,,
fixture-product-7b0a25,,,,,,,,,56,,,,,,,,,0.0,shopify,17,deny,manual,149.00,,true,true,,,,,,,,,,,,,,,,,,,,,,,,,,,,,,,,,,,,,,,,,,,,,,,kg,,,
fixture-product-7b0a25,,,,,,,,,58,,,,,,,,,0.0,shopify,17,deny,manual,149.00,,true,true,,,,,,,,,,,,,,,,,,,,,,,,,,,,,,,,,,,,,,,,,,,,,,,kg,,,
fixture-product-6e77ce,Fixture product 1e6a3f,<p>Fixture description bb4169a0</p>,ACME FIXTURE,Apparel & Accessories > Clothing > Activewear > Motorcycle Protective Clothing > Motorcycle Suits,Fixture type a06f,"tag-b9bc, tag-8210, tag-7035, tag-dfcc, tag-bef2, tag-e55a, tag-9afc",true,Size,46,,,,,,,,,0.0,shopify,17,deny,manual,149.00,,true,true,,,,,,https://example.test/fixture/6af750aa67.jpg,1,,false,,,,unisex,adult,,new,,,,,,,,Fixture value 4879fe,,,,,,fixture-value-b6c0fc; fixture-value-1abcae; fixture-value-d94ccf; fixture-value-6e5b8c; fixture-value-66080a; fixture-value-c9c4e6,,fixture-value-227e36; fixture-value-75bc00; fixture-value-15bd49,Fixture value b9307c,,,fixture-product-0dcaea; fixture-product-6e77ce; fixture-product-7b0a25; fixture-product-a89197; fixture-product-4e995d; fixture-product-c48ec6; fixture-product-01beeb,Fixture value 0da585,,,,,,,,,,kg,,,active
fixture-product-6e77ce,,,,,,,,,48,,,,,,,,,0.0,shopify,17,deny,manual,149.00,,true,true,,,,,,https://example.test/fixture/cf37723128.jpg,2,,,,,,,,,,,,,,,,,,,,,,,,,,,,,,,,,,,,,,,,kg,,,
fixture-product-6e77ce,,,,,,,,,50,,,,,,,,,0.0,shopify,17,deny,manual,149.00,,true,true,,,,,,https://example.test/fixture/568918b111.jpg,3,,,,,,,,,,,,,,,,,,,,,,,,,,,,,,,,,,,,,,,,kg,,,
fixture-product-6e77ce,,,,,,,,,52,,,,,,,,,0.0,shopify,17,deny,manual,149.00,,true,true,,,,,,,,,,,,,,,,,,,,,,,,,,,,,,,,,,,,,,,,,,,,,,,kg,,,
fixture-product-6e77ce,,,,,,,,,54,,,,,,,,,0.0,shopify,17,deny,manual,149.00,,true,true,,,,,,,,,,,,,,,,,,,,,,,,,,,,,,,,,,,,,,,,,,,,,,,kg,,,
fixture-product-6e77ce,,,,,,,,,56,,,,,,,,,0.0,shopify,17,deny,manual,149.00,,true,true,,,,,,,,,,,,,,,,,,,,,,,,,,,,,,,,,,,,,,,,,,,,,,,kg,,,
fixture-product-6e77ce,,,,,,,,,58,,,,,,,,,0.0,shopify,17,deny,manual,149.00,,true,true,,,,,,,,,,,,,,,,,,,,,,,,,,,,,,,,,,,,,,,,,,,,,,,kg,,,
fixture-product-ec1804,Fixture product 45b182,<p>Fixture description 70c4f1c1</p>,ACME FIXTURE,Apparel & Accessories > Clothing > Activewear > Motorcycle Protective Clothing > Motorcycle Jackets,,"tag-62ef, tag-bda1, tag-3b5a, tag-bef2, tag-e55a, tag-d696",true,Size,XS,,,,,,,,,0.0,shopify,9,deny,manual,128.00,56.00,true,true,,,,,,https://example.test/fixture/6db22b1cd9.jpg,1,,false,,,,,,,,,,,,,,,Fixture value 4879fe,,Fixture value 420bed,,,,fixture-value-1e9808; fixture-value-12b180,,fixture-value-227e36; fixture-value-75bc00; fixture-value-15bd49,Fixture value b9307c,,fixture-value-6dbd66; fixture-value-8a446f; fixture-value-fc5456,fixture-product-ded256; fixture-product-ec1804,Fixture value 59467f,Fixture value c3cd9e,,,,,,,,,kg,,,active
fixture-product-ec1804,,,,,,,,,S,,,,,,,,,0.0,shopify,9,deny,manual,128.00,56.00,true,true,,,,,,https://example.test/fixture/d3b81bd7be.jpg,2,,,,,,,,,,,,,,,,,,,,,,,,,,,,,,,,,,,,,,,,kg,,,
fixture-product-ec1804,,,,,,,,,M,,,,,,,,,0.0,shopify,9,deny,manual,128.00,56.00,true,true,,,,,,,,,,,,,,,,,,,,,,,,,,,,,,,,,,,,,,,,,,,,,,,kg,,,
fixture-product-ec1804,,,,,,,,,L,,,,,,,,,0.0,shopify,9,deny,manual,128.00,56.00,true,true,,,,,,,,,,,,,,,,,,,,,,,,,,,,,,,,,,,,,,,,,,,,,,,kg,,,
fixture-product-ec1804,,,,,,,,,XL,,,,,,,,,0.0,shopify,9,deny,manual,128.00,56.00,true,true,,,,,,,,,,,,,,,,,,,,,,,,,,,,,,,,,,,,,,,,,,,,,,,kg,,,
fixture-product-ec1804,,,,,,,,,XXL,,,,,,,,,0.0,shopify,9,deny,manual,128.00,56.00,true,true,,,,,,,,,,,,,,,,,,,,,,,,,,,,,,,,,,,,,,,,,,,,,,,kg,,,
fixture-product-ec1804,,,,,,,,,3XL,,,,,,,,,0.0,shopify,9,deny,manual,128.00,56.00,true,true,,,,,,,,,,,,,,,,,,,,,,,,,,,,,,,,,,,,,,,,,,,,,,,kg,,,
fixture-product-ec1804,,,,,,,,,4XL,,,,,,,,,0.0,shopify,9,deny,manual,128.00,56.00,true,true,,,,,,,,,,,,,,,,,,,,,,,,,,,,,,,,,,,,,,,,,,,,,,,kg,,,
fixture-product-ded256,Fixture product 45b182,<p>Fixture description 70c4f1c1</p>,ACME FIXTURE,Apparel & Accessories > Clothing > Activewear > Motorcycle Protective Clothing > Motorcycle Jackets,,"tag-62ef, tag-bda1, tag-3b5a, tag-bef2, tag-e55a, tag-d696",true,Size,XS,,,,,,,,,0.0,shopify,9,deny,manual,128.00,56.00,true,true,,,,,,https://example.test/fixture/372017fedd.jpg,1,,false,,,,,,,,,,,,,,,Fixture value 4879fe,,Fixture value 420bed,,,,fixture-value-1e9808; fixture-value-12b180,,fixture-value-227e36; fixture-value-75bc00; fixture-value-15bd49,Fixture value b9307c,,fixture-value-6dbd66; fixture-value-8a446f; fixture-value-fc5456,fixture-product-ded256; fixture-product-ec1804,Fixture value 29c490,Fixture value c3cd9e,,,,,,,,,kg,,,active
fixture-product-ded256,,,,,,,,,S,,,,,,,,,0.0,shopify,9,deny,manual,128.00,56.00,true,true,,,,,,https://example.test/fixture/f224ef3937.jpg,2,,,,,,,,,,,,,,,,,,,,,,,,,,,,,,,,,,,,,,,,kg,,,
fixture-product-ded256,,,,,,,,,M,,,,,,,,,0.0,shopify,9,deny,manual,128.00,56.00,true,true,,,,,,,,,,,,,,,,,,,,,,,,,,,,,,,,,,,,,,,,,,,,,,,kg,,,
fixture-product-ded256,,,,,,,,,L,,,,,,,,,0.0,shopify,9,deny,manual,128.00,56.00,true,true,,,,,,,,,,,,,,,,,,,,,,,,,,,,,,,,,,,,,,,,,,,,,,,kg,,,
fixture-product-ded256,,,,,,,,,XL,,,,,,,,,0.0,shopify,9,deny,manual,128.00,56.00,true,true,,,,,,,,,,,,,,,,,,,,,,,,,,,,,,,,,,,,,,,,,,,,,,,kg,,,
fixture-product-ded256,,,,,,,,,XXL,,,,,,,,,0.0,shopify,9,deny,manual,128.00,56.00,true,true,,,,,,,,,,,,,,,,,,,,,,,,,,,,,,,,,,,,,,,,,,,,,,,kg,,,
fixture-product-ded256,,,,,,,,,3XL,,,,,,,,,0.0,shopify,9,deny,manual,128.00,56.00,true,true,,,,,,,,,,,,,,,,,,,,,,,,,,,,,,,,,,,,,,,,,,,,,,,kg,,,
fixture-product-ded256,,,,,,,,,4XL,,,,,,,,,0.0,shopify,9,deny,manual,128.00,56.00,true,true,,,,,,,,,,,,,,,,,,,,,,,,,,,,,,,,,,,,,,,,,,,,,,,kg,,,
fixture-product-1b62f1,Fixture product 45b182,<p>Fixture description 70c4f1c1</p>,ACME FIXTURE,Apparel & Accessories > Clothing > Activewear > Motorcycle Protective Clothing > Motorcycle Jackets,,"tag-62ef, tag-b9bc, tag-8210, tag-99f4, tag-bda1, tag-3b5a",true,Size,XS,,,,,,,,,0.0,shopify,9,deny,manual,128.00,56.00,true,true,,,,,,https://example.test/fixture/4a812f6b55.jpg,1,,false,,,,,,,,,,,,,,,Fixture value 4879fe,,Fixture value 420bed,,,,fixture-value-1e9808; fixture-value-12b180,,fixture-value-227e36; fixture-value-75bc00; fixture-value-15bd49,Fixture value b9307c,,fixture-value-6dbd66; fixture-value-8a446f; fixture-value-fc5456,fixture-product-d7b86e; fixture-product-1b62f1,Fixture value 29c490,Fixture value c3cd9e,,1,,,,,,,kg,,,active
fixture-product-1b62f1,,,,,,,,,S,,,,,,,,,0.0,shopify,9,deny,manual,128.00,56.00,true,true,,,,,,https://example.test/fixture/f224ef3937.jpg,2,,,,,,,,,,,,,,,,,,,,,,,,,,,,,,,,,,,,,,,,kg,,,
fixture-product-1b62f1,,,,,,,,,M,,,,,,,,,0.0,shopify,9,deny,manual,128.00,56.00,true,true,,,,,,https://example.test/fixture/ea75b885d4.jpg,3,,,,,,,,,,,,,,,,,,,,,,,,,,,,,,,,,,,,,,,,kg,,,
fixture-product-1b62f1,,,,,,,,,L,,,,,,,,,0.0,shopify,9,deny,manual,128.00,56.00,true,true,,,,,,,,,,,,,,,,,,,,,,,,,,,,,,,,,,,,,,,,,,,,,,,kg,,,
fixture-product-1b62f1,,,,,,,,,XL,,,,,,,,,0.0,shopify,9,deny,manual,128.00,56.00,true,true,,,,,,,,,,,,,,,,,,,,,,,,,,,,,,,,,,,,,,,,,,,,,,,kg,,,
fixture-product-1b62f1,,,,,,,,,XXL,,,,,,,,,0.0,shopify,3,deny,manual,128.00,56.00,true,true,,,,,,,,,,,,,,,,,,,,,,,,,,,,,,,,,,,,,,,,,,,,,,,kg,,,
fixture-product-1b62f1,,,,,,,,,3XL,,,,,,,,,0.0,shopify,9,deny,manual,128.00,56.00,true,true,,,,,,,,,,,,,,,,,,,,,,,,,,,,,,,,,,,,,,,,,,,,,,,kg,,,
fixture-product-1b62f1,,,,,,,,,4XL,,,,,,,,,0.0,shopify,9,deny,manual,128.00,56.00,true,true,,,,,,,,,,,,,,,,,,,,,,,,,,,,,,,,,,,,,,,,,,,,,,,kg,,,
fixture-product-20f7cd,Fixture product f2004d,<p>Fixture description 5155f8e4</p>,ACME FIXTURE,Apparel & Accessories > Clothing,Fixture type b8f0,"Fixture type b8f0, tag-b9bc, tag-8210, tag-99f4, tag-c7ff, tag-b55f, tag-e23b, tag-bef2, tag-e55a, tag-d696",false,Size,S,,,,,,,,,2000.0,shopify,9,deny,manual,72.00,124.00,true,true,,,,,,https://example.test/fixture/aaec9c3e20.jpg,1,,false,Fixture SEO title cf00e5,Fixture SEO description 7dab8f,Apparel & Accessories > Clothing,Unisex,Adult,,New,,,,,,,,,Fixture value 396b38,Fixture value c636cf,,,fixture-value-91d04a; fixture-value-a8a036; fixture-value-cb998c; fixture-value-eb3ef7,fixture-value-1e9808; fixture-value-12b180,,,,,fixture-value-5dfade; fixture-value-fc5456; fixture-value-8a446f,fixture-product-086861; fixture-product-20f7cd,Fixture value b749e3,,,,,fixture-product-ef36a3; fixture-product-2d888c; fixture-product-7aba54; fixture-product-9414c3,fixture-product-7aba54,Fixture value e75750,,,g,,,draft
fixture-product-20f7cd,,,,,,,,,M,,,,,,,,,2000.0,shopify,9,deny,manual,72.00,124.00,true,true,,,,,,https://example.test/fixture/c7babb3172.jpg,2,,,,,,,,,,,,,,,,,,,,,,,,,,,,,,,,,,,,,,,,kg,,,
fixture-product-20f7cd,,,,,,,,,L,,,,,,,,,2000.0,shopify,9,deny,manual,72.00,124.00,true,true,,,,,,https://example.test/fixture/4a41d71f32.jpg,3,,,,,,,,,,,,,,,,,,,,,,,,,,,,,,,,,,,,,,,,kg,,,
fixture-product-20f7cd,,,,,,,,,XL,,,,,,,,,2000.0,shopify,9,deny,manual,72.00,124.00,true,true,,,,,,https://example.test/fixture/51aa17d79d.jpg,4,,,,,,,,,,,,,,,,,,,,,,,,,,,,,,,,,,,,,,,,kg,,,
fixture-product-20f7cd,,,,,,,,,XXL,,,,,,,,,2000.0,shopify,9,deny,manual,72.00,124.00,true,true,,,,,,https://example.test/fixture/d925f7f51e.jpg,5,,,,,,,,,,,,,,,,,,,,,,,,,,,,,,,,,,,,,,,,kg,,,
fixture-product-20f7cd,,,,,,,,,3XL,,,,,,,,,2000.0,shopify,9,deny,manual,72.00,124.00,true,true,,,,,,,,,,,,,,,,,,,,,,,,,,,,,,,,,,,,,,,,,,,,,,,kg,,,
fixture-product-c13015,Fixture product 1a415f,<p>Fixture description fa0d1f46</p>,ACME FIXTURE,Apparel & Accessories,Fixture type b8f0,"tag-62ef, tag-b9bc, tag-8210, tag-99f4, tag-e413, tag-b55f, tag-e23b",true,Size,XS,,,,,,,,,2000.0,shopify,9,deny,manual,124.00,126.00,true,true,,,,,,https://example.test/fixture/32bd3fcd5b.jpg,1,,false,,,,,,,,,,,,,,,Fixture value 4879fe,,Fixture value b3a775,,,,,,fixture-value-227e36; fixture-value-75bc00; fixture-value-15bd49,Fixture value b9307c,,,fixture-product-1ac6dd; fixture-product-c13015,Fixture value cce199,,,,,,,,,,kg,,,active
fixture-product-c13015,,,,,,,,,S,,,,,,,,,2000.0,shopify,9,deny,manual,124.00,126.00,true,true,,,,,,https://example.test/fixture/31ccfe110e.jpg,2,,,,,,,,,,,,,,,,,,,,,,,,,,,,,,,,,,,,,,,,kg,,,
fixture-product-c13015,,,,,,,,,M,,,,,,,,,2000.0,shopify,9,deny,manual,124.00,126.00,true,true,,,,,,,,,,,,,,,,,,,,,,,,,,,,,,,,,,,,,,,,,,,,,,,kg,,,
fixture-product-c13015,,,,,,,,,L,,,,,,,,,2000.0,shopify,9,deny,manual,124.00,126.00,true,true,,,,,,,,,,,,,,,,,,,,,,,,,,,,,,,,,,,,,,,,,,,,,,,kg,,,
fixture-product-c13015,,,,,,,,,XL,,,,,,,,,2000.0,shopify,9,deny,manual,124.00,126.00,true,true,,,,,,,,,,,,,,,,,,,,,,,,,,,,,,,,,,,,,,,,,,,,,,,kg,,,
fixture-product-c13015,,,,,,,,,XXL,,,,,,,,,2000.0,shopify,9,deny,manual,124.00,126.00,true,true,,,,,,,,,,,,,,,,,,,,,,,,,,,,,,,,,,,,,,,,,,,,,,,kg,,,
fixture-product-c13015,,,,,,,,,3XL,,,,,,,,,2000.0,shopify,9,deny,manual,124.00,126.00,true,true,,,,,,,,,,,,,,,,,,,,,,,,,,,,,,,,,,,,,,,,,,,,,,,kg,,,
fixture-product-c0ace2,Fixture product 2bc13d,<p>Fixture description e255c6b6</p>,ACME FIXTURE,Uncategorized,Fixture type b8f0,"tag-62ef, tag-27a8, tag-b9bc, tag-8210, tag-99f4, tag-b127",true,Size,XS,,,,,,,,,3000.0,shopify,9,deny,manual,67.00,114.00,true,true,,,,,,https://example.test/fixture/c13487fdb0.jpg,1,,false,,,,male,adult,,new,,,,,,,,Fixture value 4879fe,,Fixture value 9ff953,,fixture-value-e175d1; fixture-value-67c757; fixture-value-719448; fixture-value-a3faa2; fixture-value-eea63e; fixture-value-9b3cc9,fixture-value-51141a; fixture-value-c02220; fixture-value-d9b699; fixture-value-40c036,fixture-value-ce2cf4; fixture-value-0bdca6; fixture-value-625444; fixture-value-32f66e; fixture-value-e42bde,,fixture-value-227e36; fixture-value-75bc00; fixture-value-15bd49,Fixture value b9307c,,,fixture-product-9414c3; fixture-product-c0ace2,Fixture value d3cf16,,,,,,,,,,kg,,,active
fixture-product-c0ace2,,,,,,,,,S,,,,,,,,,3000.0,shopify,9,deny,manual,67.00,114.00,true,true,,,,,,https://example.test/fixture/4feac3f59d.jpg,2,,,,,,,,,,,,,,,,,,,,,,,,,,,,,,,,,,,,,,,,kg,,,
fixture-product-c0ace2,,,,,,,,,M,,,,,,,,,3000.0,shopify,9,deny,manual,67.00,114.00,true,true,,,,,,https://example.test/fixture/5df2329ad1.jpg,3,,,,,,,,,,,,,,,,,,,,,,,,,,,,,,,,,,,,,,,,kg,,,
fixture-product-c0ace2,,,,,,,,,L,,,,,,,,,3000.0,shopify,9,deny,manual,67.00,114.00,true,true,,,,,,,,,,,,,,,,,,,,,,,,,,,,,,,,,,,,,,,,,,,,,,,kg,,,
fixture-product-c0ace2,,,,,,,,,XL,,,,,,,,,3000.0,shopify,9,deny,manual,67.00,114.00,true,true,,,,,,,,,,,,,,,,,,,,,,,,,,,,,,,,,,,,,,,,,,,,,,,kg,,,
fixture-product-c0ace2,,,,,,,,,XXL,,,,,,,,,3000.0,shopify,9,deny,manual,67.00,114.00,true,true,,,,,,,,,,,,,,,,,,,,,,,,,,,,,,,,,,,,,,,,,,,,,,,kg,,,
fixture-product-c0ace2,,,,,,,,,3XL,,,,,,,,,3000.0,shopify,9,deny,manual,67.00,114.00,true,true,,,,,,,,,,,,,,,,,,,,,,,,,,,,,,,,,,,,,,,,,,,,,,,kg,,,
fixture-product-c0ace2,,,,,,,,,4XL,,,,,,,,,3000.0,shopify,9,deny,manual,67.00,114.00,true,true,,,,,,,,,,,,,,,,,,,,,,,,,,,,,,,,,,,,,,,,,,,,,,,kg,,,
fixture-product-c0ace2,,,,,,,,,5XL,,,,,,,,,3000.0,shopify,9,deny,manual,67.00,114.00,true,true,,,,,,,,,,,,,,,,,,,,,,,,,,,,,,,,,,,,,,,,,,,,,,,kg,,,
fixture-product-2395ec,Fixture product 2b09cf,<p>Fixture description 36f816f5</p>,ACME FIXTURE,Apparel & Accessories > Clothing,Fixture type b8f0,"tag-b0f9, tag-cc30, Fixture type b8f0, tag-b9bc, tag-8210, tag-99f4, tag-c7ff, tag-b55f, tag-e23b, tag-bef2, tag-e55a, tag-d696",true,Size,XS,,,,,,,,,2000.0,shopify,9,continue,manual,72.00,44.00,true,true,,,,,,https://example.test/fixture/76118c5c83.jpg,1,,false,Fixture SEO title b8957e,Fixture SEO description 4a3563,Apparel & Accessories > Clothing,Unisex,Adult,,New,,,,,,,Fixture value 1d4d28,Fixture value 4879fe,,Fixture value aff46e,,fixture-value-3602e0; fixture-value-1db8c9; fixture-value-62baa0; fixture-value-8a446f; fixture-value-0119eb; fixture-value-0250af; fixture-value-bf9b54; fixture-value-0d0da3,fixture-value-f7c2f2; fixture-value-d8662b; fixture-value-f8e1f7; fixture-value-70a790,fixture-value-1e9808; fixture-value-12b180; fixture-value-ea6d47; fixture-value-147d9f; fixture-value-877d1e; fixture-value-144782,,fixture-value-75bc00; fixture-value-15bd49; fixture-value-227e36,Fixture value fe3185,,,fixture-product-7aba54; fixture-product-2395ec,Fixture value c837ee,,,1,,,,,,,g,,,active
fixture-product-2395ec,,,,,,,,,S,,,,,,,,,2000.0,shopify,9,continue,manual,72.00,44.00,true,true,,,,,,https://example.test/fixture/e429a49ca5.jpg,2,,,,,,,,,,,,,,,,,,,,,,,,,,,,,,,,,,,,,,,,g,,,
fixture-product-2395ec,,,,,,,,,M,,,,,,,,,2000.0,shopify,9,continue,manual,72.00,44.00,true,true,,,,,,https://example.test/fixture/da91bef8a4.jpg,3,,,,,,,,,,,,,,,,,,,,,,,,,,,,,,,,,,,,,,,,kg,,,
fixture-product-2395ec,,,,,,,,,L,,,,,,,,,2000.0,shopify,3,continue,manual,72.00,44.00,true,true,,,,,,https://example.test/fixture/6f78f1dfbe.jpg,4,,,,,,,,,,,,,,,,,,,,,,,,,,,,,,,,,,,,,,,,kg,,,
fixture-product-2395ec,,,,,,,,,XL,,,,,,,,,2000.0,shopify,9,continue,manual,72.00,44.00,true,true,,,,,,https://example.test/fixture/248b793af4.jpg,5,,,,,,,,,,,,,,,,,,,,,,,,,,,,,,,,,,,,,,,,kg,,,
fixture-product-2395ec,,,,,,,,,XXL,,,,,,,,,2000.0,shopify,9,continue,manual,72.00,44.00,true,true,,,,,,,,,,,,,,,,,,,,,,,,,,,,,,,,,,,,,,,,,,,,,,,kg,,,
fixture-product-2395ec,,,,,,,,,3XL,,,,,,,,,2000.0,shopify,3,continue,manual,72.00,44.00,true,true,,,,,,,,,,,,,,,,,,,,,,,,,,,,,,,,,,,,,,,,,,,,,,,kg,,,
fixture-product-2395ec,,,,,,,,,4XL,,,,,,,,,2000.0,shopify,9,continue,manual,72.00,44.00,true,true,,,,,,,,,,,,,,,,,,,,,,,,,,,,,,,,,,,,,,,,,,,,,,,kg,,,
fixture-product-2395ec,,,,,,,,,5XL,,,,,,,,,2000.0,shopify,3,continue,manual,72.00,44.00,true,true,,,,,,,,,,,,,,,,,,,,,,,,,,,,,,,,,,,,,,,,,,,,,,,g,,,
fixture-product-7cfa99,Fixture product 1a415f,<p>Fixture description fa0d1f46</p>,ACME FIXTURE,Apparel & Accessories,Fixture type b8f0,"tag-62ef, tag-e413, tag-b55f, tag-e23b, tag-bef2, tag-e55a, tag-d696",true,Size,XS,,,,,,,,,2000.0,shopify,9,deny,manual,124.00,126.00,true,true,,,,,,https://example.test/fixture/2cb8b2ca31.jpg,1,,false,,,,,,,,,,,,,,,Fixture value 4879fe,,,,,,,,fixture-value-227e36; fixture-value-75bc00; fixture-value-15bd49,Fixture value b9307c,,,fixture-product-e5a1a8; fixture-product-7cfa99,Fixture value d46246,,,,,,,,,,kg,,,active
fixture-product-7cfa99,,,,,,,,,S,,,,,,,,,2000.0,shopify,9,deny,manual,124.00,126.00,true,true,,,,,,https://example.test/fixture/839f867fd8.jpg,2,,,,,,,,,,,,,,,,,,,,,,,,,,,,,,,,,,,,,,,,kg,,,
fixture-product-7cfa99,,,,,,,,,M,,,,,,,,,2000.0,shopify,9,deny,manual,124.00,126.00,true,true,,,,,,https://example.test/fixture/8a34d9a579.jpg,3,,,,,,,,,,,,,,,,,,,,,,,,,,,,,,,,,,,,,,,,kg,,,
fixture-product-7cfa99,,,,,,,,,L,,,,,,,,,2000.0,shopify,9,deny,manual,124.00,126.00,true,true,,,,,,,,,,,,,,,,,,,,,,,,,,,,,,,,,,,,,,,,,,,,,,,kg,,,
fixture-product-7cfa99,,,,,,,,,XL,,,,,,,,,2000.0,shopify,9,deny,manual,124.00,126.00,true,true,,,,,,,,,,,,,,,,,,,,,,,,,,,,,,,,,,,,,,,,,,,,,,,kg,,,
fixture-product-7cfa99,,,,,,,,,XXL,,,,,,,,,2000.0,shopify,9,deny,manual,124.00,126.00,true,true,,,,,,,,,,,,,,,,,,,,,,,,,,,,,,,,,,,,,,,,,,,,,,,kg,,,
fixture-product-7cfa99,,,,,,,,,3XL,,,,,,,,,2000.0,shopify,9,deny,manual,124.00,126.00,true,true,,,,,,,,,,,,,,,,,,,,,,,,,,,,,,,,,,,,,,,,,,,,,,,kg,,,
fixture-product-e5a1a8,Fixture product 1a415f,<p>Fixture description fa0d1f46</p>,ACME FIXTURE,Apparel & Accessories,Fixture type b8f0,"tag-62ef, tag-e413, tag-b55f, tag-e23b, tag-bef2, tag-e55a, tag-d696",true,Size,XS,,,,,,,,,2000.0,shopify,9,deny,manual,124.00,126.00,true,true,,,,,,https://example.test/fixture/68d95515aa.jpg,1,,false,,,,,,,,,,,,,,,Fixture value 4879fe,,Fixture value b3a775,,,,,,fixture-value-227e36; fixture-value-75bc00; fixture-value-15bd49,Fixture value b9307c,,,fixture-product-e5a1a8; fixture-product-7cfa99,Fixture value 741a0f,,,,,,,,,,kg,,,active
fixture-product-e5a1a8,,,,,,,,,S,,,,,,,,,2000.0,shopify,9,deny,manual,124.00,126.00,true,true,,,,,,https://example.test/fixture/3f71f33522.jpg,2,,,,,,,,,,,,,,,,,,,,,,,,,,,,,,,,,,,,,,,,kg,,,
fixture-product-e5a1a8,,,,,,,,,M,,,,,,,,,2000.0,shopify,9,deny,manual,124.00,126.00,true,true,,,,,,,,,,,,,,,,,,,,,,,,,,,,,,,,,,,,,,,,,,,,,,,kg,,,
fixture-product-e5a1a8,,,,,,,,,L,,,,,,,,,2000.0,shopify,9,deny,manual,124.00,126.00,true,true,,,,,,,,,,,,,,,,,,,,,,,,,,,,,,,,,,,,,,,,,,,,,,,kg,,,
fixture-product-e5a1a8,,,,,,,,,XL,,,,,,,,,2000.0,shopify,9,deny,manual,124.00,126.00,true,true,,,,,,,,,,,,,,,,,,,,,,,,,,,,,,,,,,,,,,,,,,,,,,,kg,,,
fixture-product-e5a1a8,,,,,,,,,XXL,,,,,,,,,2000.0,shopify,9,deny,manual,124.00,126.00,true,true,,,,,,,,,,,,,,,,,,,,,,,,,,,,,,,,,,,,,,,,,,,,,,,kg,,,
fixture-product-e5a1a8,,,,,,,,,3XL,,,,,,,,,2000.0,shopify,9,deny,manual,124.00,126.00,true,true,,,,,,,,,,,,,,,,,,,,,,,,,,,,,,,,,,,,,,,,,,,,,,,kg,,,
fixture-product-fcfc10,Fixture product 8e9e9f,,ACME FIXTURE,Gift Cards,,tag-bdd5,true,Denominations,€10.00,,,,,,,,,0.0,,18,deny,gift_card,90.00,,false,false,,,,,,https://example.test/fixture/be018823da.jpg,1,,true,,,,,,,,,,,,,,,,,,,,,,,,,,,,,,,,,,,,,,kg,,,active
fixture-product-fcfc10,,,,,,,,,€25.00,,,,,,,,,0.0,,18,deny,gift_card,156.00,,false,false,,,,,,,,,,,,,,,,,,,,,,,,,,,,,,,,,,,,,,,,,,,,,,,kg,,,
fixture-product-fcfc10,,,,,,,,,€50.00,,,,,,,,,0.0,,18,deny,gift_card,95.00,,false,false,,,,,,,,,,,,,,,,,,,,,,,,,,,,,,,,,,,,,,,,,,,,,,,kg,,,
fixture-product-fcfc10,,,,,,,,,€100.00,,,,,,,,,0.0,,18,deny,gift_card,92.00,,false,false,,,,,,,,,,,,,,,,,,,,,,,,,,,,,,,,,,,,,,,,,,,,,,,kg,,,
fixture-product-fcfc10,,,,,,,,,€150.00,,,,,,,,,0.0,,18,deny,gift_card,55.00,,false,false,,,,,,,,,,,,,,,,,,,,,,,,,,,,,,,,,,,,,,,,,,,,,,,kg,,,
fixture-product-fcfc10,,,,,,,,,€200.00,,,,,,,,,0.0,,18,deny,gift_card,56.00,,false,false,,,,,,,,,,,,,,,,,,,,,,,,,,,,,,,,,,,,,,,,,,,,,,,kg,,,
fixture-product-086861,Fixture product f2004d,<p>Fixture description 5155f8e4</p>,ACME FIXTURE,Apparel & Accessories > Clothing,Fixture type b8f0,"Fixture type b8f0, tag-b9bc, tag-8210, tag-99f4, tag-c7ff, tag-b55f, tag-e23b, tag-bef2, tag-e55a, tag-d696",true,Size,S,,,,,,,,FX-AAF3B5-S,2000.0,shopify,9,deny,manual,72.00,124.00,true,true,,,,,,https://example.test/fixture/08826d1217.jpg,1,,false,Fixture SEO title cf00e5,Fixture SEO description 7dab8f,Apparel & Accessories > Clothing,Unisex,Adult,,New,FALSE,,,,,,,,Fixture value 396b38,Fixture value c636cf,,,fixture-value-91d04a; fixture-value-a8a036; fixture-value-cb998c; fixture-value-eb3ef7,fixture-value-fd5083; fixture-value-ee06f7; fixture-value-888081; fixture-value-5776f8; fixture-value-5aced0,,,,,fixture-value-5dfade; fixture-value-fc5456; fixture-value-8a446f,fixture-product-086861; fixture-product-20f7cd; fixture-product-deaca3,Fixture value cce199,,FALSE,,,fixture-product-ef36a3; fixture-product-2d888c; fixture-product-7aba54; fixture-product-9414c3,fixture-product-7aba54,Fixture value e75750,,,g,,,active
fixture-product-086861,,,,,,,,,M,,,,,,,,FX-42FEEC-M,2000.0,shopify,9,deny,manual,72.00,124.00,true,true,,,,,,https://example.test/fixture/7f1094a7cb.jpg,2,,,,,,,,,,,,,,,,,,,,,,,,,,,,,,,,,,,,,,,,kg,,,
fixture-product-086861,,,,,,,,,L,,,,,,,,FX-921A43-L,2000.0,shopify,3,deny,manual,72.00,124.00,true,true,,,,,,https://example.test/fixture/8fd636fe77.jpg,3,,,,,,,,,,,,,,,,,,,,,,,,,,,,,,,,,,,,,,,,kg,,,
fixture-product-086861,,,,,,,,,XL,,,,,,,,FX-E214DF-XL,2000.0,shopify,9,deny,manual,72.00,124.00,true,true,,,,,,https://example.test/fixture/9f8d39c8a9.jpg,4,,,,,,,,,,,,,,,,,,,,,,,,,,,,,,,,,,,,,,,,kg,,,
fixture-product-086861,,,,,,,,,XXL,,,,,,,,FX-ED2C77-XXL,2000.0,shopify,9,deny,manual,72.00,124.00,true,true,,,,,,https://example.test/fixture/a7809af55f.jpg,5,,,,,,,,,,,,,,,,,,,,,,,,,,,,,,,,,,,,,,,,kg,,,
fixture-product-086861,,,,,,,,,3XL,,,,,,,,FX-8D0E83-3XL,2000.0,shopify,9,deny,manual,72.00,124.00,true,true,,,,,,https://example.test/fixture/c68bbfb80d.jpg,6,,,,,,,,,,,,,,,,,,,,,,,,,,,,,,,,,,,,,,,,kg,,,
fixture-product-086861,,,,,,,,,,,,,,,,,,,,,,,,,,,,,,,,https://example.test/fixture/371bd42d08.jpg,7,,,,,,,,,,,,,,,,,,,,,,,,,,,,,,,,,,,,,,,,,,,
fixture-product-7aba54,Fixture product 2b09cf,<p>Fixture description 36f816f5</p>,ACME FIXTURE,Apparel & Accessories > Clothing,Fixture type b8f0,"tag-b0f9, tag-cc30, Fixture type b8f0, tag-b9bc, tag-8210, tag-99f4, tag-c7ff, tag-b55f, tag-e23b, tag-bef2, tag-e55a, tag-d696",true,Size,XS,,,,,,,,,2000.0,shopify,9,continue,manual,72.00,44.00,true,true,,,,,,https://example.test/fixture/b4422f7b26.jpg,1,,false,Fixture SEO title b8957e,Fixture SEO description 4a3563,Apparel & Accessories > Clothing,Unisex,Adult,,New,FALSE,,,,,,Fixture value 1d4d28,Fixture value 4879fe,,Fixture value aff46e,,fixture-value-3602e0; fixture-value-1db8c9; fixture-value-62baa0; fixture-value-8a446f; fixture-value-0119eb; fixture-value-0250af; fixture-value-bf9b54; fixture-value-0d0da3,fixture-value-f7c2f2; fixture-value-d8662b; fixture-value-f8e1f7; fixture-value-70a790,fixture-value-1e9808; fixture-value-12b180; fixture-value-0bd8f9; fixture-value-1313d4; fixture-value-865d40; fixture-value-8a446f,,fixture-value-75bc00; fixture-value-15bd49; fixture-value-227e36,Fixture value fe3185,,,fixture-product-7aba54; fixture-product-2395ec,Fixture value cce199,,FALSE,9,,,,,,,g,,,active
fixture-product-7aba54,,,,,,,,,S,,,,,,,,FX-A8032B-S,2000.0,shopify,9,continue,manual,72.00,44.00,true,true,,,,,,https://example.test/fixture/2290d62e1c.jpg,2,,,,,,,,,,,,,,,,,,,,,,,,,,,,,,,,,,,,,,,,g,,,
fixture-product-7aba54,,,,,,,,,M,,,,,,,,FX-CDDDF2-M,2000.0,shopify,17,continue,manual,72.00,44.00,true,true,,,,,,https://example.test/fixture/14127079fd.jpg,3,,,,,,,,,,,,,,,,,,,,,,,,,,,,,,,,,,,,,,,,kg,,,
fixture-product-7aba54,,,,,,,,,L,,,,,,,,FX-5FA8E8-L,2000.0,shopify,9,continue,manual,72.00,44.00,true,true,,,,,,https://example.test/fixture/1b6f3aef67.jpg,4,,,,,,,,,,,,,,,,,,,,,,,,,,,,,,,,,,,,,,,,kg,,,
fixture-product-7aba54,,,,,,,,,XL,,,,,,,,FX-137CA4-XL,2000.0,shopify,3,continue,manual,72.00,44.00,true,true,,,,,,https://example.test/fixture/9483aa22af.jpg,5,,,,,,,,,,,,,,,,,,,,,,,,,,,,,,,,,,,,,,,,kg,,,
fixture-product-7aba54,,,,,,,,,XXL,,,,,,,,FX-3306D5-XXL,2000.0,shopify,3,continue,manual,72.00,44.00,true,true,,,,,,,,,,,,,,,,,,,,,,,,,,,,,,,,,,,,,,,,,,,,,,,kg,,,
fixture-product-7aba54,,,,,,,,,3XL,,,,,,,,FX-E5FF5B-3XL,2000.0,shopify,9,continue,manual,72.00,44.00,true,true,,,,,,,,,,,,,,,,,,,,,,,,,,,,,,,,,,,,,,,,,,,,,,,kg,,,
fixture-product-7aba54,,,,,,,,,4XL,,,,,,,,FX-5CBAD5-4XL,2000.0,shopify,3,continue,manual,72.00,44.00,true,true,,,,,,,,,,,,,,,,,,,,,,,,,,,,,,,,,,,,,,,,,,,,,,,kg,,,
fixture-product-7aba54,,,,,,,,,5XL,,,,,,,,,2000.0,shopify,9,continue,manual,72.00,44.00,true,true,,,,,,,,,,,,,,,,,,,,,,,,,,,,,,,,,,,,,,,,,,,,,,,g,,,
fixture-product-1ac6dd,Fixture product 1a415f,<p>Fixture description fa0d1f46</p>,ACME FIXTURE,Apparel & Accessories,Fixture type b8f0,"tag-62ef, tag-b9bc, tag-8210, tag-99f4, tag-e413, tag-b55f, tag-e23b",true,Size,XS,,,,,,,,FX-28F4C8,2000.0,shopify,9,deny,manual,124.00,126.00,true,true,,,,,,https://example.test/fixture/3f728a3991.jpg,1,,false,,,,,,,,,,,,,,,Fixture value 4879fe,,Fixture value b3a775,,,,,,fixture-value-227e36; fixture-value-75bc00; fixture-value-15bd49,Fixture value b9307c,,,fixture-product-1ac6dd; fixture-product-c13015,Fixture value 741a0f,,,,,,,,,,kg,,,active
fixture-product-1ac6dd,,,,,,,,,S,,,,,,,,FX-DFB959,2000.0,shopify,9,deny,manual,124.00,126.00,true,true,,,,,,https://example.test/fixture/e1561c5477.jpg,2,,,,,,,,,,,,,,,,,,,,,,,,,,,,,,,,,,,,,,,,kg,,,
fixture-product-1ac6dd,,,,,,,,,M,,,,,,,,FX-78AABD,2000.0,shopify,9,deny,manual,124.00,126.00,true,true,,,,,,https://example.test/fixture/29017eae96.jpg,3,,,,,,,,,,,,,,,,,,,,,,,,,,,,,,,,,,,,,,,,kg,,,
fixture-product-1ac6dd,,,,,,,,,L,,,,,,,,FX-C206F7,2000.0,shopify,9,deny,manual,124.00,126.00,true,true,,,,,,,,,,,,,,,,,,,,,,,,,,,,,,,,,,,,,,,,,,,,,,,kg,,,
fixture-product-1ac6dd,,,,,,,,,XL,,,,,,,,FX-356F56,2000.0,shopify,9,deny,manual,124.00,126.00,true,true,,,,,,,,,,,,,,,,,,,,,,,,,,,,,,,,,,,,,,,,,,,,,,,kg,,,
fixture-product-1ac6dd,,,,,,,,,XXL,,,,,,,,FX-252726,2000.0,shopify,9,deny,manual,124.00,126.00,true,true,,,,,,,,,,,,,,,,,,,,,,,,,,,,,,,,,,,,,,,,,,,,,,,kg,,,
fixture-product-1ac6dd,,,,,,,,,3XL,,,,,,,,FX-D34CEA,2000.0,shopify,9,deny,manual,124.00,126.00,true,true,,,,,,,,,,,,,,,,,,,,,,,,,,,,,,,,,,,,,,,,,,,,,,,kg,,,
fixture-product-d7b86e,Fixture product 45b182,<p>Fixture description 70c4f1c1</p>,ACME FIXTURE,Apparel & Accessories > Clothing > Activewear > Motorcycle Protective Clothing > Motorcycle Jackets,,"tag-62ef, tag-b9bc, tag-8210, tag-99f4, tag-bda1, tag-3b5a",true,Size,XS,,,,,,,,FX-65728B,0.0,shopify,9,deny,manual,128.00,56.00,true,true,,,,,,https://example.test/fixture/40337378d4.jpg,1,,false,,,,,,,,,,,,,,,Fixture value 4879fe,,Fixture value 420bed,,,,fixture-value-1e9808; fixture-value-12b180,,fixture-value-227e36; fixture-value-75bc00; fixture-value-15bd49,Fixture value b9307c,,fixture-value-6dbd66; fixture-value-8a446f; fixture-value-fc5456,fixture-product-d7b86e; fixture-product-1b62f1,Fixture value 59467f,Fixture value c3cd9e,,2,,,,,,,kg,,,active
fixture-product-d7b86e,,,,,,,,,S,,,,,,,,FX-C681BB,0.0,shopify,9,deny,manual,128.00,56.00,true,true,,,,,,https://example.test/fixture/36a01a246d.jpg,2,,,,,,,,,,,,,,,,,,,,,,,,,,,,,,,,,,,,,,,,kg,,,
fixture-product-d7b86e,,,,,,,,,M,,,,,,,,FX-FA5279,0.0,shopify,9,deny,manual,128.00,56.00,true,true,,,,,,,,,,,,,,,,,,,,,,,,,,,,,,,,,,,,,,,,,,,,,,,kg,,,
fixture-product-d7b86e,,,,,,,,,L,,,,,,,,FX-197683,0.0,shopify,9,deny,manual,128.00,56.00,true,true,,,,,,,,,,,,,,,,,,,,,,,,,,,,,,,,,,,,,,,,,,,,,,,kg,,,
fixture-product-d7b86e,,,,,,,,,XL,,,,,,,,FX-D1448F,0.0,shopify,9,deny,manual,128.00,56.00,true,true,,,,,,,,,,,,,,,,,,,,,,,,,,,,,,,,,,,,,,,,,,,,,,,kg,,,
fixture-product-d7b86e,,,,,,,,,XXL,,,,,,,,FX-440FC8,0.0,shopify,9,deny,manual,128.00,56.00,true,true,,,,,,,,,,,,,,,,,,,,,,,,,,,,,,,,,,,,,,,,,,,,,,,kg,,,
fixture-product-d7b86e,,,,,,,,,3XL,,,,,,,,FX-AD37C1,0.0,shopify,9,deny,manual,128.00,56.00,true,true,,,,,,,,,,,,,,,,,,,,,,,,,,,,,,,,,,,,,,,,,,,,,,,kg,,,
fixture-product-d7b86e,,,,,,,,,4XL,,,,,,,,FX-CD5536,0.0,shopify,9,deny,manual,128.00,56.00,true,true,,,,,,,,,,,,,,,,,,,,,,,,,,,,,,,,,,,,,,,,,,,,,,,kg,,,
fixture-product-ef36a3,Fixture product 0773ca,<p>Fixture description 42c4b0f8</p>,ACME FIXTURE,Uncategorized,,tag-e017,false,Color,Blue,,,,,,,,FX-42F893,0.0,shopify,18,deny,manual,90.00,86.00,true,true,,,,,,,,,false,,,,unisex,adult,,new,FALSE,,,,,,,,,,,,,,,,,,,,,,FALSE,,,,,,,,kg,,,draft
fixture-product-ef36a3,,,,,,,,,Green,,,,,,,,FX-7613D0,0.0,shopify,18,deny,manual,90.00,86.00,true,true,,,,,,,,,,,,,,,,,,,,,,,,,,,,,,,,,,,,,,,,,,,,,,,kg,,,
fixture-product-ef36a3,,,,,,,,,Orange,,,,,,,,FX-88FBCD,0.0,shopify,18,deny,manual,90.00,86.00,true,true,,,,,,,,,,,,,,,,,,,,,,,,,,,,,,,,,,,,,,,,,,,,,,,kg,,,
fixture-product-ef36a3,,,,,,,,,Pink,,,,,,,,FX-C40DDB,0.0,shopify,18,deny,manual,90.00,86.00,true,true,,,,,,,,,,,,,,,,,,,,,,,,,,,,,,,,,,,,,,,,,,,,,,,kg,,,
fixture-product-ef36a3,,,,,,,,,Red,,,,,,,,FX-F30419,0.0,shopify,18,deny,manual,90.00,86.00,true,true,,,,,,,,,,,,,,,,,,,,,,,,,,,,,,,,,,,,,,,,,,,,,,,kg,,,
fixture-product-ef36a3,,,,,,,,,White,,,,,,,,FX-A25DCC,0.0,shopify,18,deny,manual,90.00,86.00,true,true,,,,,,,,,,,,,,,,,,,,,,,,,,,,,,,,,,,,,,,,,,,,,,,kg,,,
fixture-product-ef36a3,,,,,,,,,Yellow,,,,,,,,FX-095A37,0.0,shopify,18,deny,manual,90.00,86.00,true,true,,,,,,,,,,,,,,,,,,,,,,,,,,,,,,,,,,,,,,,,,,,,,,,kg,,,
fixture-product-ef36a3,,,,,,,,,Black,,,,,,,,FX-A0FEB3,0.0,shopify,18,deny,manual,90.00,86.00,true,true,,,,,,,,,,,,,,,,,,,,,,,,,,,,,,,,,,,,,,,,,,,,,,,kg,,,
fixture-product-0dcaea,Fixture product 1e6a3f,<p>Fixture description bb4169a0</p>,ACME FIXTURE,Apparel & Accessories > Clothing > Activewear > Motorcycle Protective Clothing > Motorcycle Suits,Fixture type a06f,"tag-b9bc, tag-8210, tag-7035, tag-dfcc, tag-bef2, tag-e55a, tag-9afc",true,Size,46,,,,,,,,,0.0,shopify,17,deny,manual,149.00,,true,true,,,,,,https://example.test/fixture/f6c40db187.jpg,1,,false,,,,unisex,adult,,new,FALSE,,,,,,,Fixture value 4879fe,,,,,,fixture-value-b6c0fc; fixture-value-1abcae; fixture-value-d94ccf; fixture-value-6e5b8c; fixture-value-66080a; fixture-value-c9c4e6,,fixture-value-227e36; fixture-value-75bc00; fixture-value-15bd49,Fixture value b9307c,,,fixture-product-0dcaea; fixture-product-6e77ce; fixture-product-7b0a25; fixture-product-a89197; fixture-product-4e995d; fixture-product-c48ec6; fixture-product-01beeb,Fixture value cce199,,FALSE,,,,,,,,kg,,,active
fixture-product-0dcaea,,,,,,,,,48,,,,,,,,,0.0,shopify,17,deny,manual,149.00,,true,true,,,,,,https://example.test/fixture/3198509a56.jpg,2,,,,,,,,,,,,,,,,,,,,,,,,,,,,,,,,,,,,,,,,kg,,,
fixture-product-0dcaea,,,,,,,,,50,,,,,,,,,0.0,shopify,17,deny,manual,149.00,,true,true,,,,,,https://example.test/fixture/a38490c186.jpg,3,,,,,,,,,,,,,,,,,,,,,,,,,,,,,,,,,,,,,,,,kg,,,
fixture-product-0dcaea,,,,,,,,,52,,,,,,,,,0.0,shopify,17,deny,manual,149.00,,true,true,,,,,,,,,,,,,,,,,,,,,,,,,,,,,,,,,,,,,,,,,,,,,,,kg,,,
fixture-product-0dcaea,,,,,,,,,54,,,,,,,,,0.0,shopify,17,deny,manual,149.00,,true,true,,,,,,,,,,,,,,,,,,,,,,,,,,,,,,,,,,,,,,,,,,,,,,,kg,,,
fixture-product-0dcaea,,,,,,,,,56,,,,,,,,,0.0,shopify,17,deny,manual,149.00,,true,true,,,,,,,,,,,,,,,,,,,,,,,,,,,,,,,,,,,,,,,,,,,,,,,kg,,,
fixture-product-0dcaea,,,,,,,,,58,,,,,,,,,0.0,shopify,17,deny,manual,149.00,,true,true,,,,,,,,,,,,,,,,,,,,,,,,,,,,,,,,,,,,,,,,,,,,,,,kg,,,
fixture-product-9414c3,Fixture product 2bc13d,<p>Fixture description e255c6b6</p>,ACME FIXTURE,Apparel & Accessories,Fixture type b8f0,"tag-62ef, tag-27a8, tag-b9bc, tag-8210, tag-99f4, tag-b127",true,Size,XS,,,,,,,,FX-AB99D3,3000.0,shopify,9,deny,manual,124.00,114.00,true,true,,,,,,https://example.test/fixture/a133964218.jpg,1,,false,,,166,male,adult,,new,FALSE,,,,,,,Fixture value 4879fe,,Fixture value 9ff953,,fixture-value-e175d1; fixture-value-67c757; fixture-value-719448; fixture-value-a3faa2; fixture-value-eea63e; fixture-value-9b3cc9,fixture-value-51141a; fixture-value-c02220; fixture-value-d9b699; fixture-value-40c036,fixture-value-ce2cf4; fixture-value-0bdca6; fixture-value-625444; fixture-value-32f66e; fixture-value-e42bde,,fixture-value-227e36; fixture-value-75bc00; fixture-value-15bd49,Fixture value b9307c,,,fixture-product-9414c3; fixture-product-c0ace2,Fixture value cce199,,FALSE,2,,,,,,,kg,,,active
fixture-product-9414c3,,,,,,,,,S,,,,,,,,FX-BD3532,3000.0,shopify,9,deny,manual,124.00,114.00,true,true,,,,,,https://example.test/fixture/a6d0b22a73.jpg,2,,,,,,,,,,,,,,,,,,,,,,,,,,,,,,,,,,,,,,,,kg,,,
fixture-product-9414c3,,,,,,,,,M,,,,,,,,FX-0A7A62,3000.0,shopify,17,deny,manual,124.00,114.00,true,true,,,,,,,,,,,,,,,,,,,,,,,,,,,,,,,,,,,,,,,,,,,,,,,kg,,,
fixture-product-9414c3,,,,,,,,,L,,,,,,,,FX-187A86,3000.0,shopify,3,deny,manual,124.00,114.00,true,true,,,,,,,,,,,,,,,,,,,,,,,,,,,,,,,,,,,,,,,,,,,,,,,kg,,,
fixture-product-9414c3,,,,,,,,,XL,,,,,,,,FX-3AFADD,3000.0,shopify,3,deny,manual,124.00,114.00,true,true,,,,,,,,,,,,,,,,,,,,,,,,,,,,,,,,,,,,,,,,,,,,,,,kg,,,
fixture-product-9414c3,,,,,,,,,XXL,,,,,,,,FX-44583A,3000.0,shopify,3,deny,manual,124.00,114.00,true,true,,,,,,,,,,,,,,,,,,,,,,,,,,,,,,,,,,,,,,,,,,,,,,,kg,,,
fixture-product-9414c3,,,,,,,,,3XL,,,,,,,,,3000.0,shopify,9,deny,manual,124.00,114.00,true,true,,,,,,,,,,,,,,,,,,,,,,,,,,,,,,,,,,,,,,,,,,,,,,,kg,,,
fixture-product-9414c3,,,,,,,,,4XL,,,,,,,,,3000.0,shopify,9,deny,manual,124.00,114.00,true,true,,,,,,,,,,,,,,,,,,,,,,,,,,,,,,,,,,,,,,,,,,,,,,,kg,,,
fixture-product-9414c3,,,,,,,,,5XL,,,,,,,,,3000.0,shopify,9,deny,manual,124.00,114.00,true,true,,,,,,,,,,,,,,,,,,,,,,,,,,,,,,,,,,,,,,,,,,,,,,,kg,,,
fixture-product-2d888c,Fixture product 33fd4f,<p>Fixture description b1ef2c60</p>,ACME FIXTURE,Vehicles & Parts > Vehicle Parts & Accessories > Vehicle Safety & Security > Motorcycle Protective Gear > Motorcycle Gloves,Fixture type 3560,"Fixture type 3560, tag-b9bc, tag-8210, tag-4d57, tag-f2ee, tag-4294, tag-d30b, tag-bef2, tag-e55a, tag-f7ab",true,Size,S,,,,,,,,,500.0,shopify,18,deny,manual,131.00,48.00,true,true,,,,,,https://example.test/fixture/ebb4e0c94d.jpg,1,,false,,,,unisex,adult,,new,FALSE,,,,,,,Fixture value 4879fe,,,,,,,,fixture-value-227e36; fixture-value-75bc00; fixture-value-15bd49,Fixture value b9307c,,fixture-value-fc5456,fixture-product-2d888c; fixture-product-106fa0,Fixture value d3cf16,,FALSE,2,,,,,,,kg,,,active
fixture-product-2d888c,,,,,,,,,M,,,,,,,,,500.0,shopify,18,deny,manual,131.00,48.00,true,true,,,,,,https://example.test/fixture/c534094d47.jpg,2,,,,,,,,,,,,,,,,,,,,,,,,,,,,,,,,,,,,,,,,kg,,,
fixture-product-2d888c,,,,,,,,,L,,,,,,,,,500.0,shopify,18,deny,manual,131.00,48.00,true,true,,,,,,https://example.test/fixture/f0b44edcbe.jpg,3,,,,,,,,,,,,,,,,,,,,,,,,,,,,,,,,,,,,,,,,kg,,,
fixture-product-2d888c,,,,,,,,,XL,,,,,,,,,500.0,shopify,18,deny,manual,131.00,48.00,true,true,,,,,,https://example.test/fixture/ea19d45e10.jpg,4,,,,,,,,,,,,,,,,,,,,,,,,,,,,,,,,,,,,,,,,kg,,,
fixture-product-2d888c,,,,,,,,,XXL,,,,,,,,,500.0,shopify,18,deny,manual,131.00,48.00,true,true,,,,,,https://example.test/fixture/eb87571ccd.jpg,5,,,,,,,,,,,,,,,,,,,,,,,,,,,,,,,,,,,,,,,,kg,,,
fixture-product-2d888c,,,,,,,,,,,,,,,,,,,,,,,,,,,,,,,,https://example.test/fixture/0bd8a8cf94.jpg,6,,,,,,,,,,,,,,,,,,,,,,,,,,,,,,,,,,,,,,,,,,,
fixture-product-c86b1d,Fixture product 2766f9,<p>Fixture description b2e42457</p>,ACME FIXTURE,Vehicles & Parts > Vehicle Parts & Accessories > Vehicle Safety & Security > Motorcycle Protective Gear > Motorcycle Gloves,Fixture type 3560,"tag-b013, Fixture type 3560, tag-b9bc, tag-8210, tag-4d57, tag-f2ee, tag-4294, tag-d30b, tag-bef2, tag-e55a, tag-f7ab",true,Size,S,,,,,,,,FX-4B7468,500.0,shopify,18,deny,manual,131.00,48.00,true,true,,,,,,https://example.test/fixture/20156058e4.jpg,1,,false,,,,unisex,adult,,new,FALSE,,,,,,,Fixture value 4879fe,,,,,,,,fixture-value-227e36; fixture-value-75bc00; fixture-value-15bd49,Fixture value b9307c,,fixture-value-fc5456,fixture-product-c86b1d,Fixture value cce199,,FALSE,1,,,,,,,kg,,61.00,active
fixture-product-c86b1d,,,,,,,,,M,,,,,,,,FX-DF1870,500.0,shopify,18,deny,manual,131.00,48.00,true,true,,,,,,https://example.test/fixture/eb85a647c0.jpg,2,,,,,,,,,,,,,,,,,,,,,,,,,,,,,,,,,,,,,,,,kg,,61.00,
fixture-product-c86b1d,,,,,,,,,L,,,,,,,,FX-097907,500.0,shopify,18,deny,manual,131.00,48.00,true,true,,,,,,https://example.test/fixture/e77756d472.jpg,3,,,,,,,,,,,,,,,,,,,,,,,,,,,,,,,,,,,,,,,,kg,,61.00,
fixture-product-c86b1d,,,,,,,,,XL,,,,,,,,FX-79CD9D,500.0,shopify,18,deny,manual,131.00,48.00,true,true,,,,,,https://example.test/fixture/b7d0c1b8fd.jpg,4,,,,,,,,,,,,,,,,,,,,,,,,,,,,,,,,,,,,,,,,kg,,61.00,
fixture-product-c86b1d,,,,,,,,,XXL,,,,,,,,FX-CE038C,500.0,shopify,18,deny,manual,131.00,48.00,true,true,,,,,,https://example.test/fixture/4b35cb2310.jpg,5,,,,,,,,,,,,,,,,,,,,,,,,,,,,,,,,,,,,,,,,kg,,61.00,
fixture-product-c86b1d,,,,,,,,,,,,,,,,,,,,,,,,,,,,,,,,https://example.test/fixture/f1a40e436b.jpg,6,,,,,,,,,,,,,,,,,,,,,,,,,,,,,,,,,,,,,,,,,,,
fixture-product-c86b1d,,,,,,,,,,,,,,,,,,,,,,,,,,,,,,,,https://example.test/fixture/3900baf535.jpg,7,,,,,,,,,,,,,,,,,,,,,,,,,,,,,,,,,,,,,,,,,,,
